0.000127154,-0.000574878,-0.000796769,-0.00267475,-0.00436116,-0.00491253,-0.00567703,-0.00633749,-0.00687203,-0.00791797,-0.00976802,-0.0114283,-0.0134745,-0.0151919,-0.0166656,-0.0179056,-0.0189832,-0.0202889,-0.0215636,-0.0226281,-0.0230977,-0.0241707,-0.0247584,-0.0251949,-0.0254761,-0.0263257,-0.0269371,-0.0281974,-0.0295454,-0.0308101
0.000948513,9.69E-05,-0.000817469,-0.00324858,-0.00340331,-0.00412926,-0.00466647,-0.00561713,-0.00614309,-0.00712982,-0.00899207,-0.0108546,-0.0125708,-0.0143917,-0.0160067,-0.017309,-0.0187759,-0.0200629,-0.0214481,-0.0224742,-0.0230011,-0.0239927,-0.024561,-0.0250627,-0.0256564,-0.0263233,-0.0268628,-0.0280698,-0.0298956,-0.0311931
0.00192374,0.00133182,0.000157053,-0.00113237,-0.00309004,-0.00342783,-0.0035147,-0.00472618,-0.00556963,-0.00648582,-0.00813288,-0.0100514,-0.0118906,-0.0135735,-0.0154024,-0.0167273,-0.0181911,-0.0194784,-0.0210363,-0.0221927,-0.0229941,-0.0237711,-0.0247184,-0.0252074,-0.0258596,-0.0264659,-0.0269308,-0.0281924,-0.03,-0.030717
0.00298817,0.0020133,0.0011709,0.000325959,-0.000870772,-0.00262825,-0.00247258,-0.00361704,-0.00481613,-0.00554444,-0.00721891,-0.00913483,-0.0110788,-0.0129949,-0.0148801,-0.0163874,-0.0177479,-0.019162,-0.0204482,-0.0217957,-0.0226798,-0.0234555,-0.0245522,-0.0253719,-0.0259883,-0.026695,-0.0275774,-0.0281944,-0.029547,-0.0310989
0.00364728,0.0028173,0.00210072,0.00144772,0.000546178,-0.00127118,-0.00191778,-0.00271535,-0.00407284,-0.00498686,-0.00638173,-0.00840565,-0.0101556,-0.0120942,-0.0141531,-0.0157789,-0.0173608,-0.0186646,-0.0198881,-0.0213941,-0.0226465,-0.0234904,-0.0244421,-0.0253259,-0.0261274,-0.0269575,-0.0279015,-0.0285905,-0.0298194,-0.0316863
0.00455222,0.00359461,0.00268071,0.00213425,0.00126593,0.00029869,-0.000812461,-0.00189861,-0.00336883,-0.00413118,-0.00555254,-0.0073989,-0.00940746,-0.01158,-0.0135074,-0.0153864,-0.0168899,-0.0178965,-0.0193772,-0.0205561,-0.0219257,-0.0231856,-0.0241302,-0.0250797,-0.0261086,-0.0271695,-0.0280626,-0.0286871,-0.030196,-0.0312329
0.00523127,0.00434882,0.00338275,0.00277264,0.00215604,0.00145763,0.000411432,-0.00050298,-0.00201506,-0.00324454,-0.00432066,-0.00669877,-0.00872,-0.0106528,-0.0127607,-0.0145655,-0.0161294,-0.0171433,-0.0187374,-0.0201346,-0.0213796,-0.0227596,-0.0238966,-0.0245875,-0.0257536,-0.0269208,-0.0280732,-0.0284467,-0.0294705,-0.0305839
0.00614658,0.00530893,0.00415463,0.00361019,0.00308579,0.0025307,0.00153744,0.000477551,-0.000574339,-0.00189571,-0.00323882,-0.0050839,-0.00760088,-0.00970912,-0.0120137,-0.0138922,-0.0156661,-0.0171051,-0.0188421,-0.0198126,-0.0212368,-0.0222199,-0.0233286,-0.0239853,-0.0250475,-0.0262182,-0.0270755,-0.0274754,-0.0282159,-0.0294475
0.00660588,0.00578777,0.00467802,0.0042028,0.00349028,0.00317608,0.00270147,0.00175799,0.000339924,-0.000937097,-0.00217986,-0.00375507,-0.00635514,-0.00872571,-0.01093,-0.0128804,-0.0148072,-0.0163719,-0.0181441,-0.0189468,-0.0202688,-0.021603,-0.022551,-0.0233526,-0.02444,-0.0253441,-0.0258953,-0.0262396,-0.0266558,-0.0283486
0.00710103,0.00649971,0.00535676,0.00465918,0.0040715,0.0036094,0.00321461,0.00258001,0.00154835,-5.24E-05,-0.00151409,-0.00290876,-0.00502757,-0.00782543,-0.00996699,-0.0121172,-0.0141256,-0.0157061,-0.0172438,-0.0183598,-0.0195919,-0.0206922,-0.0217873,-0.0227245,-0.0237192,-0.0246617,-0.0249602,-0.0252557,-0.0260221,-0.0272635
0.00755924,0.00676984,0.00579652,0.00520375,0.00457913,0.00409933,0.00371924,0.00322434,0.0023953,0.000859677,-0.000499047,-0.00206605,-0.00405714,-0.0066855,-0.00885907,-0.0110413,-0.013021,-0.0148488,-0.0165359,-0.0176324,-0.0189388,-0.0200384,-0.021084,-0.0219716,-0.0226401,-0.0235927,-0.0241266,-0.0241124,-0.0249641,-0.025819
0.0080785,0.00739554,0.00641085,0.0057177,0.00518437,0.00465805,0.00414751,0.0035498,0.00297233,0.00168924,0.000209655,-0.00131382,-0.00314942,-0.00549374,-0.00782671,-0.0100169,-0.01195,-0.0136624,-0.0154842,-0.0168228,-0.0178999,-0.0189237,-0.0200541,-0.0209086,-0.0217068,-0.0223932,-0.0227802,-0.0227623,-0.0237736,-0.0244722
0.00849412,0.00785023,0.00684906,0.00628761,0.00561669,0.00524687,0.00484081,0.00428644,0.00364963,0.00265921,0.00107718,-0.000507949,-0.00237641,-0.00419517,-0.00675496,-0.008858,-0.0107615,-0.0124361,-0.014159,-0.0156593,-0.0168344,-0.0178257,-0.0188914,-0.0197385,-0.0206886,-0.0211073,-0.0214336,-0.0214121,-0.0225876,-0.0232615
0.00902167,0.00845069,0.00755019,0.00689419,0.00604264,0.0056193,0.00515842,0.00482782,0.00426551,0.00343139,0.00194238,0.000294147,-0.00139984,-0.00335791,-0.00575683,-0.00786212,-0.00991567,-0.0115392,-0.013101,-0.0148053,-0.016054,-0.0169284,-0.0179577,-0.0187124,-0.0196129,-0.0200081,-0.0202012,-0.0199833,-0.0208764,-0.0217008
0.00953704,0.00925452,0.0079332,0.00720688,0.00658742,0.00614814,0.00571911,0.00523208,0.00472249,0.00402387,0.00280124,0.00133112,-0.000209345,-0.00195535,-0.00438631,-0.0066662,-0.00853409,-0.0105268,-0.012113,-0.0137488,-0.0149077,-0.0160227,-0.0168952,-0.0175536,-0.0182675,-0.0184557,-0.0188516,-0.019183,-0.0194073,-0.020287
0.00999693,0.00977584,0.00864399,0.00744609,0.00695133,0.006429,0.00613435,0.00575698,0.00519134,0.00445545,0.00345936,0.00212055,0.000678917,-0.000955394,-0.00302273,-0.00541252,-0.00746408,-0.00940083,-0.0109753,-0.0125634,-0.0137698,-0.0147433,-0.0157471,-0.0164163,-0.0169132,-0.0172323,-0.0176067,-0.0179359,-0.0182244,-0.0187283
0.0101633,0.0102113,0.00932716,0.00824416,0.0073926,0.0070321,0.00662496,0.00623704,0.00580243,0.00522637,0.00425415,0.00294285,0.00135053,7.02E-05,-0.00198664,-0.00452706,-0.00628101,-0.00819651,-0.00984287,-0.0114258,-0.0128479,-0.0137693,-0.0146033,-0.0153759,-0.015881,-0.0162238,-0.0161942,-0.016276,-0.0164557,-0.0175447
0.0106931,0.0105665,0.00976805,0.00884193,0.00793051,0.00732908,0.00688745,0.00647521,0.00613287,0.00560762,0.00489935,0.00390587,0.00240059,0.00071121,-0.000665778,-0.00299315,-0.00516268,-0.00706591,-0.00878588,-0.0103774,-0.0118633,-0.0129808,-0.0138327,-0.0143709,-0.0147055,-0.0149812,-0.0148855,-0.0147311,-0.0151558,-0.0158126
0.0110182,0.0108176,0.0101013,0.00933896,0.00847512,0.00778608,0.00740168,0.00698339,0.00650852,0.00597488,0.00537231,0.0044604,0.00318901,0.00164321,0.000359159,-0.00138386,-0.00381277,-0.00573079,-0.00748601,-0.00910476,-0.0103815,-0.0115805,-0.0123862,-0.0130658,-0.0134978,-0.0138814,-0.0138777,-0.0138666,-0.0138209,-0.0139352
0.0112438,0.0111213,0.0101759,0.00951809,0.00870841,0.00810191,0.00776805,0.0073968,0.00694893,0.00642833,0.00576277,0.00496839,0.00375418,0.00224434,0.000940139,-0.000482143,-0.0024842,-0.00436598,-0.00616504,-0.0078174,-0.00916237,-0.0103461,-0.0112352,-0.0117372,-0.0124548,-0.0126932,-0.0126588,-0.0121847,-0.0119265,-0.0121029
0.0114621,0.0114191,0.0106492,0.0100019,0.00904826,0.00830179,0.00808924,0.00776407,0.00749022,0.00691039,0.00624539,0.00546884,0.004629,0.00315434,0.00172841,0.000363339,-0.00126113,-0.00319871,-0.00471722,-0.00622158,-0.00765841,-0.00888119,-0.00977497,-0.010461,-0.0110921,-0.0111761,-0.0108997,-0.0102705,-0.0102277,-0.010802
0.0115011,0.0113443,0.0107714,0.0104238,0.00948418,0.00880104,0.00826905,0.00795737,0.00762746,0.00714454,0.00661419,0.00598997,0.00529202,0.00401028,0.00267493,0.00139284,-0.000277944,-0.00203395,-0.00362537,-0.00485655,-0.00617426,-0.00727699,-0.00818325,-0.00881871,-0.00942667,-0.00944995,-0.00933049,-0.00874641,-0.00875093,-0.00892946
0.0116655,0.0114023,0.0109447,0.0104629,0.00984492,0.00943092,0.00886626,0.00834629,0.00793542,0.00748016,0.00696873,0.00630497,0.0058428,0.00483228,0.00370266,0.00245845,0.000999957,-0.000653385,-0.00218415,-0.00363956,-0.00489403,-0.00581651,-0.00667627,-0.00721506,-0.00792994,-0.0079847,-0.00806017,-0.00738169,-0.00715637,-0.00760671
0.0120946,0.0117323,0.0111158,0.0106173,0.0100127,0.00951431,0.00908265,0.00882304,0.00837576,0.00786947,0.00735434,0.00680347,0.00618837,0.00532071,0.00423757,0.00304542,0.00178718,0.00033243,-0.00117665,-0.00249609,-0.00382448,-0.00482079,-0.0056372,-0.00624159,-0.00653019,-0.00675925,-0.00665888,-0.00580446,-0.005605,-0.00606501
0.0119055,0.0119674,0.0113165,0.0110352,0.0103012,0.00959996,0.00898388,0.00879481,0.00858557,0.00824843,0.00782062,0.00712779,0.00670128,0.00590268,0.00504144,0.0039177,0.0027992,0.00158802,5.90E-05,-0.00144015,-0.00265034,-0.00363864,-0.0045543,-0.00494952,-0.00533973,-0.00524095,-0.00505504,-0.00426885,-0.00457248,-0.00488382
0.0121553,0.0121192,0.011709,0.0112518,0.0106169,0.00998782,0.00932573,0.00910249,0.00877138,0.00823853,0.00804928,0.00749344,0.00693741,0.00644874,0.00567006,0.00482785,0.00362082,0.00239729,0.00111836,-0.000280141,-0.00137495,-0.00233352,-0.00318039,-0.00376684,-0.00404278,-0.00394734,-0.00364949,-0.00288032,-0.00312249,-0.00372563
0.0126058,0.0124253,0.0117725,0.0112201,0.0109287,0.0103861,0.00980795,0.00931604,0.0089546,0.00851749,0.00828111,0.00765473,0.00717295,0.00649056,0.00598443,0.00526027,0.0042708,0.00321243,0.00185726,0.000836779,-0.000173053,-0.00115386,-0.00215083,-0.00258552,-0.00295587,-0.00290878,-0.00229763,-0.00169459,-0.00180091,-0.00257349
0.0126932,0.0124218,0.0119435,0.0113598,0.0108922,0.010454,0.0102341,0.00977144,0.00912386,0.00898253,0.00875005,0.00814307,0.00767507,0.00708276,0.00642796,0.00589696,0.00498308,0.00383029,0.00273332,0.00184026,0.000942188,9.56E-05,-0.000766154,-0.00127496,-0.00161807,-0.00157697,-0.00115925,-0.000483742,-0.000615588,-0.00120086
0.0125819,0.0126302,0.0121151,0.0116445,0.0110459,0.0106655,0.0102961,0.0097777,0.00941322,0.00929754,0.00892759,0.00849837,0.00805974,0.00742973,0.00697103,0.00638643,0.0056324,0.00468869,0.00374104,0.00279384,0.0020812,0.00138981,0.000547897,9.11E-05,-0.000386163,-0.000301339,-2.29E-05,0.000559845,0.000470525,-0.000132542
0.0127542,0.0123708,0.0121361,0.0116793,0.0112389,0.0108133,0.0104761,0.00996183,0.00946523,0.00932242,0.00893244,0.00866407,0.00820859,0.00776821,0.00724162,0.00671123,0.00622479,0.00549745,0.00465963,0.00377157,0.00288805,0.00235122,0.00164654,0.0012301,0.000708586,0.000766998,0.00103638,0.00170826,0.00182024,0.00109002
0.0127154,0.0125068,0.0119279,0.0117063,0.0113629,0.0110377,0.0106586,0.0102573,0.00962805,0.00942773,0.00906958,0.00880096,0.00843294,0.00804492,0.00751351,0.00703458,0.00669679,0.00605554,0.00520785,0.00437589,0.00369286,0.00301092,0.00248321,0.00199542,0.00173796,0.00183225,0.00217331,0.00281562,0.00322517,0.00197098
0.0129786,0.0127992,0.0122059,0.011664,0.0112439,0.0109934,0.0106838,0.0104079,0.0100084,0.00973112,0.0093307,0.00897859,0.0087503,0.00833253,0.00781642,0.0073693,0.00708753,0.00648285,0.00574646,0.00513091,0.00456113,0.00393382,0.00348576,0.00305969,0.00288455,0.00293491,0.0033173,0.00397324,0.00414489,0.00319016
0.0128726,0.0129406,0.0123689,0.0119127,0.0113346,0.0108793,0.0105668,0.0104288,0.0101422,0.00977609,0.00963011,0.00930602,0.00913726,0.00866572,0.00822646,0.00777799,0.00743276,0.00698976,0.00645329,0.00586116,0.00523432,0.00467359,0.00430752,0.00398793,0.00391961,0.0036212,0.0041123,0.00475579,0.00505953,0.00427809
0.0129555,0.0126063,0.0123178,0.0119881,0.0114985,0.01114,0.0107847,0.010445,0.0101849,0.00984301,0.00956076,0.00937929,0.00914792,0.00866845,0.00837385,0.00785575,0.00760517,0.00724829,0.00669932,0.00631479,0.00571885,0.00519511,0.00499658,0.00453651,0.00445474,0.00446739,0.00494904,0.00594298,0.00613939,0.00503539
0.0126241,0.0124609,0.0121222,0.0118129,0.0115133,0.0111679,0.0109465,0.0107128,0.0104217,0.0100756,0.00973964,0.00949388,0.00928062,0.00896667,0.00846978,0.00820297,0.00770959,0.00746442,0.00711963,0.00655116,0.00607804,0.00575128,0.00551109,0.00523769,0.00505252,0.00522289,0.00586107,0.00656222,0.00684184,0.00587571
0.0128577,0.0125487,0.0120745,0.0118281,0.0114116,0.011149,0.0109234,0.0108497,0.0106037,0.0101971,0.00998937,0.00966241,0.00953241,0.00929539,0.00883078,0.00848671,0.00823462,0.00796705,0.00755755,0.00725487,0.00688461,0.00651614,0.00609385,0.00596459,0.00585199,0.0060673,0.00651705,0.00724607,0.0073518,0.00650988
0.0128368,0.0126598,0.0121431,0.011886,0.0113394,0.0109742,0.0107801,0.0105742,0.0104903,0.0102793,0.0100102,0.00970125,0.00963991,0.00956036,0.00921111,0.00889769,0.00858467,0.00816934,0.00799866,0.00779205,0.00731863,0.00696195,0.00671298,0.00657295,0.00641728,0.00674957,0.0071765,0.00791214,0.0082125,0.00729544
0.0130195,0.0126976,0.0121024,0.0119266,0.0115877,0.0110189,0.0107942,0.0106024,0.0105312,0.0102995,0.00998003,0.00977313,0.0096472,0.00939994,0.00915209,0.00881566,0.00848245,0.00818515,0.00797934,0.00777893,0.00747738,0.00722255,0.00705076,0.00700486,0.00688645,0.00722003,0.00764102,0.00859169,0.00887833,0.00836466
0.0131596,0.0125217,0.0120445,0.0118881,0.0115456,0.0111459,0.0108787,0.0107387,0.0105895,0.0103959,0.0100861,0.00981208,0.00968082,0.00955929,0.00927721,0.00902002,0.00860716,0.00839294,0.00804643,0.00797306,0.00790208,0.00759852,0.00742624,0.00733621,0.00744743,0.0076587,0.00821132,0.00920959,0.00965749,0.00907497
0.0131888,0.0126123,0.0119748,0.0117908,0.0113534,0.0110692,0.0108444,0.0106669,0.010708,0.010493,0.0102625,0.0100916,0.00983655,0.00975795,0.00943624,0.00924072,0.00897616,0.00864393,0.00841599,0.00843618,0.00818409,0.00799574,0.0078257,0.00768963,0.00777176,0.00820679,0.00884925,0.00984267,0.0102622,0.00959045
0.0129828,0.0125476,0.0118875,0.011695,0.0112698,0.0110435,0.0107046,0.0105807,0.0104842,0.0103428,0.0102355,0.010017,0.00988215,0.00981687,0.00969108,0.00936407,0.00906343,0.00880742,0.00855875,0.00844439,0.00837085,0.00822099,0.00807641,0.008125,0.00824694,0.00843259,0.00925785,0.00990372,0.0104895,0.0101121
0.0130194,0.0125761,0.0120389,0.011702,0.0112949,0.0110228,0.01066,0.0106765,0.010355,0.0101963,0.0100845,0.00983652,0.00970198,0.00962116,0.00946058,0.00937486,0.00915821,0.00884001,0.00862912,0.00843359,0.00833584,0.00837847,0.00839478,0.00836857,0.00843856,0.00864869,0.00944621,0.0102153,0.0106885,0.0105221
0.0129636,0.0125073,0.0119913,0.0116872,0.0112353,0.0110146,0.0107676,0.0105375,0.010281,0.0100972,0.010008,0.00993417,0.00977647,0.00969851,0.00965254,0.00946073,0.00910351,0.0089214,0.00875663,0.0085551,0.00843911,0.00854462,0.00863899,0.00865739,0.00864727,0.00892521,0.00960731,0.0107203,0.0112108,0.0110249
0.0131369,0.0124514,0.0117827,0.0114619,0.0111278,0.0109136,0.0107404,0.0105633,0.0103912,0.0100953,0.0100167,0.00991518,0.00988365,0.00972889,0.00969052,0.00957253,0.00928951,0.00912157,0.00891615,0.00870889,0.00858121,0.00870396,0.00885363,0.00885231,0.00898907,0.00920557,0.00996258,0.0108123,0.0115548,0.0113309
0.0131223,0.0124779,0.0116809,0.0113756,0.0110293,0.010761,0.0105866,0.0103546,0.0102099,0.0100948,0.00987268,0.00979161,0.00985205,0.00967042,0.00967699,0.00957875,0.00932053,0.00923857,0.00892322,0.00881366,0.00873875,0.00864908,0.00872077,0.00887777,0.00915805,0.00947939,0.0102731,0.0112513,0.0117495,0.0116893
0.0130209,0.0124888,0.0117857,0.0114111,0.0110191,0.0107382,0.0103841,0.0101667,0.0102256,0.0100244,0.00988876,0.00974688,0.00978855,0.00970083,0.00966163,0.00949362,0.00927012,0.00919726,0.00894825,0.00876642,0.00874125,0.00880566,0.00882945,0.00891081,0.00912056,0.00953775,0.0102922,0.0110599,0.0120071,0.0121345
0.0129911,0.0124702,0.0118395,0.0113295,0.0110024,0.0106412,0.0103976,0.0102226,0.0101716,0.0101315,0.00997835,0.0098225,0.00976216,0.00972975,0.00967589,0.00948589,0.00935304,0.00923715,0.00913618,0.00890303,0.00885276,0.00882557,0.00894535,0.00915074,0.00929902,0.00989594,0.0103594,0.011529,0.0124038,0.012722
0.0128099,0.0120741,0.0116383,0.0112214,0.0109871,0.010485,0.0102495,0.0102919,0.0100153,0.00989061,0.00984794,0.00968902,0.00960316,0.0096524,0.00959432,0.00953446,0.00948211,0.009451,0.00929064,0.00910286,0.00898736,0.00901422,0.00919721,0.00938906,0.00956797,0.00992617,0.0106952,0.0119115,0.0125002,0.0129162
0.012977,0.0121914,0.011498,0.0110418,0.0108223,0.0104283,0.0101534,0.00991351,0.00973039,0.00977171,0.00973332,0.00963462,0.00965189,0.00959334,0.00958462,0.00960319,0.00950338,0.00939754,0.00913064,0.00908926,0.00899524,0.00897603,0.00913161,0.00940036,0.00970893,0.0100569,0.0109936,0.0117961,0.0126008,0.0130955
0.0130439,0.0121864,0.0113721,0.0109057,0.010637,0.0103165,0.00993252,0.00986019,0.00960503,0.00954386,0.00951284,0.00938726,0.0094147,0.009424,0.00938875,0.00946316,0.00931996,0.00919993,0.00906876,0.00888997,0.00886442,0.00901708,0.00906524,0.00933066,0.00959233,0.00998773,0.0109406,0.0116518,0.0126973,0.0133569
0.0130508,0.0122969,0.0113472,0.010912,0.0106272,0.0102541,0.0100133,0.00976884,0.00951459,0.00946013,0.00932719,0.00930297,0.00928004,0.00938766,0.00931913,0.00934346,0.00928311,0.00908855,0.00901792,0.00893962,0.00888565,0.00896471,0.00908963,0.0091761,0.00960955,0.0101692,0.011063,0.011979,0.0128968,0.0135658
0.0126972,0.0120586,0.0111938,0.0108535,0.010538,0.0101464,0.00985053,0.00959752,0.00954693,0.0093411,0.00947955,0.00936414,0.00936574,0.00949292,0.00926552,0.00940223,0.00937138,0.00918731,0.00902417,0.00904471,0.00913643,0.00900286,0.00914548,0.00945287,0.00981825,0.0101466,0.011173,0.0121201,0.0129704,0.0138378
0.0125041,0.0118353,0.0109895,0.0105773,0.0103602,0.00998855,0.00965284,0.00952243,0.0093803,0.00918617,0.00920161,0.00922906,0.00923513,0.00930883,0.00926332,0.00934151,0.0093468,0.00926223,0.00908095,0.00911228,0.00894713,0.00892405,0.00912842,0.0093578,0.00971436,0.0103064,0.0114025,0.0121368,0.0128355,0.0136868
0.0124159,0.0117019,0.0109153,0.0103796,0.0101023,0.00973248,0.00946099,0.00927302,0.00907638,0.00896219,0.00897897,0.00895113,0.00900759,0.00908027,0.00916056,0.00913268,0.00918732,0.00907365,0.00899969,0.00893072,0.00882203,0.00881146,0.00894444,0.00922926,0.00959439,0.0104132,0.0110367,0.012303,0.0129698,0.0135642
0.0120679,0.0114867,0.010682,0.0101816,0.00989868,0.00958737,0.00926951,0.00903036,0.00885866,0.00881389,0.00887188,0.00876003,0.0088581,0.00892184,0.00891434,0.0089093,0.00901251,0.00901131,0.00886614,0.00888877,0.00875711,0.00882929,0.00893653,0.0091914,0.00971189,0.0103802,0.0111967,0.0123625,0.013015,0.0136674
0.0121319,0.0114888,0.0107592,0.0101093,0.0098638,0.00960061,0.00925201,0.00903671,0.00888696,0.00885025,0.00870815,0.00871014,0.00875463,0.00876119,0.00882433,0.00889766,0.00901183,0.00901778,0.00885783,0.00889597,0.00873229,0.00873399,0.00893853,0.00923369,0.00975596,0.0103366,0.0111519,0.0121694,0.0129811,0.0136295
0.0117607,0.0113193,0.0105127,0.0100268,0.009791,0.00944831,0.00911416,0.00888839,0.00884688,0.00860339,0.00858057,0.00864042,0.00863537,0.00884086,0.00880074,0.00884192,0.00888469,0.00887187,0.00886549,0.00878694,0.00873904,0.00874508,0.00889288,0.00921286,0.00961074,0.0102333,0.0111672,0.0121536,0.0129749,0.0135966
0.0115658,0.0112089,0.0104561,0.00984247,0.00952293,0.00921319,0.00888638,0.00866425,0.00850844,0.00842999,0.00843797,0.00835595,0.00845325,0.00859277,0.00853874,0.00857296,0.00860288,0.00863548,0.00855769,0.00856999,0.00856498,0.00856478,0.00889604,0.00912852,0.00962724,0.0101411,0.0111254,0.012336,0.0128812,0.0136435
0.0114025,0.0109282,0.0102825,0.00962491,0.00935725,0.00893048,0.00877412,0.00856679,0.00827249,0.00809615,0.00807223,0.00813584,0.00811026,0.0083176,0.00843536,0.00831562,0.00841543,0.00845782,0.00840828,0.00843576,0.00841107,0.00841251,0.00874807,0.00905778,0.00943283,0.00998737,0.0107361,0.0120061,0.012896,0.0136288
0.0111602,0.0106123,0.0100087,0.00940243,0.00914269,0.00874507,0.00854534,0.0082571,0.00815711,0.00796678,0.00787939,0.00786878,0.00793141,0.00800697,0.00820141,0.0081621,0.00828175,0.00832578,0.0083346,0.00825695,0.00827232,0.0083932,0.00861125,0.00895349,0.00934229,0.00992259,0.0108976,0.0117066,0.0128735,0.0135676
0.0112052,0.0105574,0.00990149,0.00933952,0.00904473,0.00868627,0.00840419,0.0081742,0.00802869,0.00787557,0.00784687,0.00784997,0.00790505,0.00801033,0.00813277,0.00805655,0.00817312,0.00828976,0.00820383,0.0083046,0.00833744,0.00840101,0.00854751,0.0087962,0.00931059,0.00980789,0.0108242,0.0120567,0.0129238,0.0135325
0.011118,0.0104666,0.00968338,0.00903552,0.00884128,0.00842355,0.00822462,0.00799552,0.00784538,0.0077318,0.00767019,0.00759582,0.00768859,0.007783,0.00791967,0.00799844,0.00814092,0.00810048,0.00808804,0.00819914,0.00830988,0.00823993,0.00840823,0.0085806,0.00902338,0.00975577,0.0107862,0.0119407,0.0129313,0.0135051
0.0107388,0.010349,0.00954643,0.00887887,0.00864328,0.00828815,0.00796992,0.00777468,0.007556,0.00760317,0.00741355,0.0074384,0.00751499,0.00764661,0.00772662,0.00779905,0.00784496,0.00777654,0.00786906,0.00809378,0.0080903,0.00805463,0.00830827,0.00844247,0.00897907,0.0097261,0.010675,0.0116354,0.0127504,0.0133569
0.010657,0.00997019,0.00928567,0.00861905,0.00840122,0.00806518,0.00776542,0.00759,0.00734472,0.00732137,0.00719246,0.00711576,0.00725932,0.00748042,0.00751823,0.00754295,0.00763083,0.00759344,0.00769893,0.00782505,0.00804378,0.00793449,0.00806476,0.00839334,0.00900017,0.00947277,0.0103904,0.0117317,0.0124916,0.0132775
0.010404,0.00975265,0.00912357,0.00838978,0.00814648,0.00781131,0.00748049,0.00730906,0.00722826,0.00717414,0.00698786,0.00698311,0.00704633,0.00713818,0.00718957,0.00733493,0.00741714,0.00744626,0.00745351,0.0076118,0.0076378,0.00763938,0.00798194,0.00832075,0.00891767,0.00930333,0.0100126,0.011546,0.0123669,0.0131208
0.0100523,0.0096463,0.00879883,0.00811975,0.0079157,0.00761406,0.00732899,0.00712601,0.00687393,0.00683824,0.00679741,0.00675846,0.00676605,0.00692915,0.00699566,0.00713188,0.00717961,0.00733791,0.0074889,0.00743484,0.00749125,0.0075775,0.00782503,0.00813531,0.00856254,0.00918583,0.00993993,0.0112593,0.0123048,0.0129041
0.0100457,0.00936904,0.0085497,0.00792797,0.00771112,0.00738423,0.00712365,0.00688418,0.00657578,0.00664238,0.00657642,0.00642293,0.006397,0.00664872,0.00685528,0.0068562,0.00705552,0.00724885,0.00718585,0.00719233,0.00737587,0.00755539,0.00749431,0.00791154,0.00835303,0.00898767,0.00975895,0.0108452,0.0120389,0.0127738
0.00979854,0.0091001,0.00826085,0.00774472,0.00741819,0.00715016,0.00683535,0.0064543,0.00635745,0.00634669,0.00630962,0.00628579,0.00627518,0.00636952,0.00654669,0.0066618,0.00676352,0.00694516,0.00686768,0.00710987,0.00718411,0.00737703,0.00742287,0.00781364,0.00828163,0.0089571,0.00972181,0.0109729,0.0119133,0.0126997
0.00933363,0.00879488,0.00808216,0.00746221,0.00709879,0.0068287,0.00644735,0.00624292,0.00610421,0.00611553,0.00600216,0.00601019,0.00593492,0.0060618,0.00614677,0.00631846,0.00651034,0.00661203,0.00670458,0.00681766,0.00697545,0.00711113,0.00745218,0.00770007,0.00819622,0.00877885,0.00971664,0.0106844,0.0121543,0.0126626
0.00885852,0.00849092,0.00772635,0.00711344,0.00671334,0.00654847,0.00622041,0.00599658,0.00582855,0.00585646,0.00578123,0.00573309,0.00586403,0.00585756,0.00597026,0.00605729,0.00633097,0.00644998,0.00653863,0.00664109,0.00676486,0.00679,0.00719268,0.00753749,0.00804113,0.00850611,0.00946899,0.010815,0.0119839,0.0125865
0.00829883,0.00800976,0.00732751,0.00668012,0.00628894,0.00626095,0.00602983,0.00574505,0.00573421,0.00556304,0.00543202,0.00547625,0.0055838,0.00565863,0.00575573,0.00598044,0.00608666,0.00619591,0.00625849,0.00641007,0.00659008,0.00675381,0.00695739,0.00727083,0.00799582,0.00848697,0.00939193,0.0104865,0.011435,0.0123679
0.00795897,0.00768979,0.00707582,0.00643804,0.00607667,0.00614344,0.00581483,0.00555165,0.00542199,0.00534518,0.00528069,0.0052926,0.0052986,0.00540619,0.00551277,0.00570916,0.00587764,0.0059947,0.00606814,0.00625824,0.00649575,0.00676139,0.00675747,0.00727544,0.00768278,0.00833987,0.00924925,0.0101735,0.0112555,0.0123111
0.00773629,0.0075851,0.00685994,0.00612984,0.00586662,0.00584173,0.00552883,0.00525739,0.00517187,0.00518447,0.00502558,0.00503063,0.00499255,0.00505863,0.00517728,0.00540735,0.00561945,0.00571744,0.00585795,0.00612117,0.00620428,0.00644055,0.0066296,0.00697302,0.00733635,0.00811881,0.00905942,0.0100727,0.0108274,0.0120252
0.00749887,0.00724161,0.00649929,0.00584047,0.00560237,0.00549872,0.00519509,0.00502365,0.00477576,0.00476289,0.00459621,0.00471027,0.00464688,0.0046486,0.00488889,0.00511345,0.00532714,0.00545122,0.00551654,0.00572721,0.00582003,0.0061392,0.00654344,0.00690244,0.00726936,0.00790591,0.00870976,0.00997399,0.0109529,0.0119623
0.007148,0.00685521,0.0061739,0.00553323,0.00522029,0.00515807,0.00483885,0.0046401,0.00453131,0.00449498,0.00451014,0.00447818,0.00460828,0.00461798,0.00472917,0.00492158,0.00517746,0.00536116,0.00536388,0.00557112,0.00553156,0.0058707,0.00617408,0.00660127,0.00701549,0.00769172,0.00854067,0.00952856,0.010864,0.0119387
0.00686095,0.00645546,0.00575453,0.00501585,0.004725,0.00472137,0.00442908,0.00420542,0.00428972,0.00422437,0.00428569,0.0042256,0.00434285,0.00433252,0.00444212,0.00474817,0.00488893,0.00511471,0.00535926,0.0054034,0.00538454,0.00563646,0.0058627,0.00625479,0.00674562,0.007473,0.00819276,0.00937208,0.0107047,0.0117424
0.00653882,0.00595227,0.00526537,0.00457495,0.00419107,0.00432608,0.00423273,0.00407121,0.00404946,0.00394066,0.00389521,0.00390852,0.00404031,0.00412241,0.00408585,0.00434328,0.00441664,0.00465738,0.00495561,0.0051432,0.00529357,0.00542109,0.00555265,0.00594037,0.00664178,0.00730001,0.00818456,0.00916152,0.0104096,0.0114979
0.00600945,0.00557482,0.00489097,0.00431046,0.00391225,0.0040742,0.00411223,0.00383063,0.00367138,0.00362272,0.00359109,0.00360191,0.00380179,0.00384984,0.0037419,0.00394976,0.00413014,0.0042984,0.00468172,0.00483573,0.00477544,0.00513028,0.00545371,0.0058173,0.00635209,0.00699856,0.00791124,0.00863641,0.0100423,0.0112392
0.00559612,0.00495954,0.00455283,0.00406857,0.00363388,0.0037277,0.00365946,0.00351602,0.00331833,0.00317118,0.00318754,0.00318932,0.00332975,0.00343559,0.00351701,0.0036281,0.00382516,0.00403115,0.004312,0.00430428,0.0045824,0.00472504,0.00518302,0.00559383,0.00607971,0.00674136,0.00768746,0.00859492,0.00959846,0.0109915
0.0050656,0.00461768,0.00421724,0.00372085,0.00325671,0.00333371,0.00316672,0.00310051,0.00300259,0.00287508,0.00289383,0.00293344,0.00306142,0.00319123,0.00320607,0.00329607,0.0035771,0.00378902,0.00405287,0.00417108,0.00433621,0.00452066,0.00480539,0.00531817,0.00576407,0.00639966,0.00735135,0.00850186,0.00937547,0.0107556
0.0047483,0.00430242,0.00372716,0.00324877,0.00279742,0.00291585,0.00279657,0.002696,0.00255086,0.00248329,0.00257673,0.00263059,0.00277048,0.00288674,0.00307645,0.00320309,0.00336786,0.00357168,0.00375778,0.00387154,0.00407743,0.0042941,0.00447039,0.00502626,0.00559176,0.00618462,0.00711262,0.00840972,0.00911385,0.0105742
0.00447971,0.00385149,0.00326107,0.00280629,0.00246166,0.00254548,0.00251993,0.00239915,0.00218089,0.00224941,0.00245669,0.00232473,0.00245061,0.00256554,0.00273846,0.00298145,0.00311211,0.00330974,0.00352045,0.00361512,0.00390128,0.00407622,0.0043353,0.00466179,0.00530377,0.00584336,0.00673875,0.00811224,0.00900638,0.0103366
0.00397382,0.00349462,0.00290427,0.00246611,0.00202479,0.00207865,0.0021471,0.00203274,0.00193569,0.00202665,0.00212899,0.00210122,0.00217423,0.00232506,0.00233392,0.00254355,0.00277759,0.00305195,0.00323136,0.00339348,0.00351764,0.00394205,0.0040948,0.00454562,0.00510226,0.00560238,0.00649562,0.00783218,0.00883948,0.0102927
0.00338436,0.00285016,0.00251198,0.00210941,0.00164381,0.00168308,0.00184629,0.00174742,0.0016533,0.00167349,0.00171405,0.00170918,0.00182622,0.0019634,0.00196943,0.00234241,0.0025905,0.00277313,0.00292747,0.0030301,0.00320223,0.00359918,0.00379357,0.00430117,0.0047603,0.00536313,0.00624198,0.00728583,0.00847448,0.0100659
0.00299231,0.00252904,0.00210117,0.00169883,0.00137145,0.00144984,0.0014826,0.00142322,0.00138477,0.00124615,0.00134062,0.00136631,0.00154104,0.00164906,0.0017039,0.00191593,0.00219643,0.00245645,0.00250078,0.00269747,0.00298563,0.00325605,0.00358506,0.00391941,0.00447275,0.00511101,0.00591316,0.00701347,0.00837548,0.00970938
0.00253496,0.0019516,0.00171474,0.00137362,0.000976793,0.000993023,0.00103968,0.00100429,0.00101627,0.000970728,0.00103336,0.00101818,0.00111446,0.00132186,0.00131961,0.00160972,0.00178648,0.00208406,0.00212191,0.00240225,0.00260473,0.00297623,0.003225,0.00359763,0.00403263,0.00470821,0.00567336,0.00691197,0.00806803,0.00948638
0.00208361,0.0015786,0.00135099,0.000893511,0.000474681,0.000413551,0.000611004,0.000551302,0.000523582,0.000550844,0.000520668,0.000596977,0.000716084,0.000975607,0.00111433,0.00135191,0.00154629,0.00178079,0.00198189,0.00224915,0.00243267,0.00253204,0.00280132,0.00322604,0.00372992,0.00453114,0.00540625,0.00670865,0.00775279,0.00927475
0.00156058,0.00103929,0.000717012,0.000339801,-3.31E-05,-5.89E-05,0.000128806,0.000144684,9.18E-05,0.000170873,0.000250121,0.000336664,0.000557683,0.00062906,0.000750657,0.00095843,0.00115198,0.00138993,0.00158807,0.00177396,0.00205833,0.00227822,0.00261001,0.00297918,0.0035301,0.00414559,0.00495122,0.00629876,0.00758911,0.00905737
0.000714879,0.00036103,0.000209075,-4.19E-05,-0.000424681,-0.000529649,-0.000363755,-0.000241436,-0.000207454,-0.000199071,-8.48E-05,-7.27E-05,0.00019867,0.000338847,0.000427404,0.000731835,0.000937914,0.00112045,0.00136731,0.00156202,0.00171661,0.00190743,0.00235418,0.00260629,0.00321763,0.00374111,0.00467921,0.00616674,0.00730895,0.0089861
0.000360798,6.02E-05,-0.000222445,-0.000526762,-0.0009674,-0.000936623,-0.000714478,-0.000675606,-0.000460815,-0.000360562,-0.000415508,-0.000273611,-0.000135928,8.72E-05,0.000149207,0.00035148,0.000533793,0.000872868,0.00104197,0.00118723,0.00137632,0.00157521,0.00206937,0.00233225,0.00281798,0.00330233,0.00437021,0.00571556,0.00710577,0.00869991
0.000252668,-0.000528196,-0.000706464,-0.00105297,-0.00140071,-0.00134634,-0.00107807,-0.000991799,-0.000880609,-0.000750919,-0.000755243,-0.000576832,-0.000417358,-0.000254033,-0.000231932,7.49E-05,0.000267015,0.000504114,0.000739581,0.000991515,0.00122441,0.00143593,0.00154786,0.00206079,0.00254507,0.00308573,0.00405792,0.00531565,0.00673865,0.00852544
-0.000163587,-0.000999306,-0.0011495,-0.00147103,-0.00182456,-0.00176144,-0.00152451,-0.00135556,-0.00122369,-0.00113546,-0.00114207,-0.000998205,-0.000902983,-0.000745471,-0.000589076,-0.000271033,-0.00012386,9.15E-06,0.000281424,0.000733774,0.00100171,0.00117652,0.00133489,0.00180918,0.0022001,0.00287544,0.00370985,0.00502659,0.00660235,0.0081848
-0.000742262,-0.00139228,-0.00166128,-0.0019496,-0.00213853,-0.00215675,-0.00184274,-0.00172988,-0.00156354,-0.00149303,-0.00148391,-0.00141301,-0.00126036,-0.00115729,-0.000933816,-0.00082276,-0.000624269,-0.000349121,3.09E-05,0.000214813,0.000538255,0.000890612,0.00112214,0.00142584,0.00185521,0.00245937,0.00328794,0.00466841,0.00617663,0.00768209
-0.00158407,-0.00201544,-0.00229444,-0.00238758,-0.00256668,-0.00255855,-0.00234438,-0.00221167,-0.00210597,-0.00200407,-0.00194606,-0.0018527,-0.00169498,-0.0016162,-0.00136666,-0.00116813,-0.000938081,-0.000699009,-0.00040361,-0.000221031,0.000115702,0.000394993,0.000742049,0.00109748,0.00157476,0.00203221,0.00296492,0.00421666,0.00571814,0.00741808
-0.00203756,-0.0024203,-0.00265554,-0.00294815,-0.00300101,-0.00309073,-0.00293513,-0.00270092,-0.00254258,-0.00247952,-0.00228373,-0.00224995,-0.00204214,-0.00197294,-0.00181201,-0.0015551,-0.00121721,-0.000977999,-0.000703185,-0.000474789,-0.0002451,2.09E-07,0.00033814,0.000789338,0.00112773,0.0017559,0.00252767,0.0039022,0.0054618,0.00725273
-0.00257616,-0.00287752,-0.00315928,-0.00351701,-0.003691,-0.00362618,-0.00342155,-0.00319338,-0.00307363,-0.00289902,-0.00269689,-0.00260797,-0.00254851,-0.00242288,-0.00215294,-0.00191107,-0.00169381,-0.00132459,-0.00105633,-0.000851586,-0.000565317,-0.000263124,5.10E-05,0.000486305,0.000793933,0.00138286,0.00212105,0.0034632,0.00523487,0.00673993
-0.00300228,-0.00329815,-0.00384353,-0.00404277,-0.00424338,-0.00412312,-0.0037807,-0.00360843,-0.00346925,-0.00318277,-0.00307198,-0.00296381,-0.00288883,-0.00271087,-0.00245071,-0.00233576,-0.00204486,-0.00164054,-0.00143847,-0.00112595,-0.000811633,-0.000553964,-0.000215372,0.000158941,0.000468474,0.00102147,0.00189245,0.00307647,0.00466673,0.00641507
-0.00366747,-0.00406338,-0.00433154,-0.00461383,-0.00478574,-0.00466716,-0.0042703,-0.00400681,-0.00379198,-0.00352658,-0.00333363,-0.00323455,-0.00318355,-0.00300443,-0.00291888,-0.00270949,-0.00233574,-0.00207602,-0.00182309,-0.00145906,-0.00119682,-0.000844178,-0.000465589,-4.75E-05,0.000208218,0.000775283,0.00165105,0.0028524,0.00436601,0.00605163
-0.00410259,-0.00463395,-0.0048563,-0.0050562,-0.00521601,-0.00503629,-0.0047078,-0.0043254,-0.004109,-0.00386158,-0.0037007,-0.00367229,-0.00353313,-0.00333583,-0.00326928,-0.00306056,-0.00270556,-0.00245851,-0.00216612,-0.00178786,-0.00151586,-0.00117742,-0.000851021,-0.000405028,-5.33E-05,0.000501948,0.00126195,0.00239074,0.00404787,0.0057624
-0.00474958,-0.00526506,-0.00527001,-0.00559329,-0.00557906,-0.00547778,-0.005179,-0.00472501,-0.00450685,-0.00431061,-0.00409252,-0.00402457,-0.00392635,-0.00368808,-0.00360139,-0.00341566,-0.00322742,-0.00288177,-0.002444,-0.00206414,-0.00170911,-0.00147645,-0.00108723,-0.000700605,-0.000272246,0.000267432,0.00089845,0.00205948,0.00363281,0.0054384
-0.00523752,-0.0057052,-0.00572749,-0.00610891,-0.00601361,-0.00589312,-0.0056327,-0.00521158,-0.00498803,-0.00476928,-0.00446603,-0.00434627,-0.00428941,-0.0041144,-0.00391918,-0.00372874,-0.00354565,-0.00322336,-0.0028246,-0.00243347,-0.00204073,-0.00182994,-0.00142483,-0.000997302,-0.00053765,6.18E-05,0.00070696,0.001749,0.00323119,0.00501377
-0.00583029,-0.00631983,-0.00633075,-0.00648796,-0.00657672,-0.00638542,-0.0061365,-0.00570899,-0.00534521,-0.00510543,-0.00502972,-0.00486438,-0.00466202,-0.00465961,-0.00437667,-0.00414861,-0.00396073,-0.00360523,-0.00329234,-0.00293389,-0.00253853,-0.00214754,-0.00173489,-0.00131685,-0.000866911,-0.000366377,0.000381705,0.0015002,0.0028324,0.00463751
-0.00612836,-0.00668877,-0.00661936,-0.00694719,-0.00698582,-0.00684188,-0.00658862,-0.00618806,-0.00574743,-0.00555209,-0.00534992,-0.00527616,-0.00512162,-0.00496583,-0.00485027,-0.00467539,-0.00436278,-0.00399367,-0.00372364,-0.00324629,-0.002832,-0.00249887,-0.00208457,-0.00164129,-0.00117814,-0.000772746,-0.000148169,0.0010022,0.00240241,0.00434706
-0.00683791,-0.00701061,-0.00692317,-0.00729803,-0.00742566,-0.00730181,-0.00700395,-0.00660265,-0.00624275,-0.00603072,-0.0059297,-0.00566158,-0.00543987,-0.00546323,-0.00519948,-0.00511527,-0.00471713,-0.00434129,-0.00400685,-0.00357502,-0.00317298,-0.00286732,-0.00240813,-0.00202135,-0.00157647,-0.00106395,-0.000407333,0.000681443,0.00227465,0.00410418
-0.00723743,-0.00747536,-0.00741229,-0.00769236,-0.00786572,-0.00782146,-0.00758597,-0.00706837,-0.00665459,-0.00640647,-0.00630104,-0.00605597,-0.00591193,-0.00580879,-0.00562696,-0.00548933,-0.00506696,-0.00471151,-0.00434247,-0.00391784,-0.00359457,-0.00313303,-0.00271319,-0.00234442,-0.00184004,-0.00131523,-0.000596515,0.000548549,0.00174522,0.00367512
-0.00779393,-0.00791891,-0.00788766,-0.00816036,-0.008379,-0.0083198,-0.00810186,-0.00758726,-0.00710348,-0.00689904,-0.00665246,-0.00652833,-0.00628199,-0.0062229,-0.00592545,-0.00583818,-0.00547618,-0.00509666,-0.00469996,-0.00432603,-0.00394228,-0.00345271,-0.00305225,-0.00259134,-0.00213058,-0.00157112,-0.000885933,0.00013556,0.00149501,0.00324171
-0.00832167,-0.00836243,-0.00839752,-0.00861589,-0.00886829,-0.00880443,-0.00850419,-0.00797124,-0.00751731,-0.00724173,-0.00707104,-0.00701258,-0.00697668,-0.00668296,-0.00627422,-0.00617197,-0.0058636,-0.00556385,-0.00501266,-0.00453117,-0.00425974,-0.00376205,-0.00340539,-0.00288587,-0.00234856,-0.00181973,-0.00124523,-0.000260946,0.00116799,0.00299026
-0.0086603,-0.00898552,-0.00905325,-0.00913548,-0.00928194,-0.00926711,-0.00890956,-0.00851967,-0.0078806,-0.00758638,-0.00729983,-0.00733617,-0.00729387,-0.00693917,-0.00661925,-0.00643314,-0.00615191,-0.00592345,-0.00535199,-0.00484466,-0.00459664,-0.00416009,-0.00378513,-0.00327637,-0.00249613,-0.00201634,-0.00139868,-0.000478046,0.000749463,0.00259563
-0.00907051,-0.00959217,-0.00949956,-0.00966072,-0.00974401,-0.00961083,-0.00934946,-0.0089217,-0.00822256,-0.00800339,-0.00774643,-0.00769473,-0.00759914,-0.0073022,-0.00686676,-0.00659398,-0.00637492,-0.00609881,-0.00575693,-0.00529743,-0.00486044,-0.00449078,-0.00391536,-0.00338927,-0.00276208,-0.00226484,-0.00175729,-0.000785401,0.000612525,0.00218685
-0.00989491,-0.0100947,-0.00998323,-0.0100953,-0.0101894,-0.010018,-0.00974242,-0.00937381,-0.00885222,-0.00839289,-0.00812468,-0.00796934,-0.00799268,-0.00769387,-0.0072661,-0.00701789,-0.00675189,-0.00625997,-0.00602853,-0.00578342,-0.0053014,-0.00483268,-0.00417531,-0.00374953,-0.00310231,-0.00243263,-0.00201564,-0.00122611,0.000229241,0.00184174
-0.0105377,-0.0105823,-0.0105023,-0.0105509,-0.010619,-0.0104691,-0.0102964,-0.0099519,-0.00933926,-0.00891356,-0.00868078,-0.00846767,-0.00811289,-0.0079574,-0.00763112,-0.00732205,-0.00689338,-0.00646375,-0.00644272,-0.00606489,-0.0055869,-0.00514186,-0.00469047,-0.00404447,-0.00331238,-0.0028064,-0.00230949,-0.00149355,-0.000185204,0.00151941
-0.0107978,-0.0109274,-0.011033,-0.0110942,-0.0110812,-0.0109325,-0.0108354,-0.0104602,-0.00975367,-0.00932049,-0.00922969,-0.00902481,-0.00848717,-0.00814727,-0.00771689,-0.00747299,-0.0071969,-0.00675095,-0.0066731,-0.00638674,-0.00600088,-0.00556937,-0.00496809,-0.00443925,-0.00373301,-0.00304541,-0.00252631,-0.00163191,-0.000606467,0.00124703
-0.0114469,-0.0113973,-0.0116483,-0.0117601,-0.0116012,-0.0114916,-0.0112888,-0.010939,-0.0102272,-0.00986116,-0.00959365,-0.00941881,-0.00881358,-0.00839662,-0.00805732,-0.00781166,-0.00749177,-0.00695797,-0.00683932,-0.00656401,-0.00615258,-0.00578849,-0.00528998,-0.00477821,-0.00416338,-0.0032503,-0.00262514,-0.00178645,-0.000699719,0.00100732
-0.0118956,-0.0118026,-0.0121727,-0.0123722,-0.0121254,-0.0119313,-0.0118075,-0.0114541,-0.0108407,-0.010505,-0.0101051,-0.00990429,-0.0091434,-0.00882016,-0.00854718,-0.00824977,-0.00803185,-0.00735104,-0.00711171,-0.0068008,-0.00647265,-0.00621669,-0.00560364,-0.00511843,-0.00438486,-0.00367794,-0.00299734,-0.00206819,-0.00102831,0.000711703
-0.0123178,-0.0121896,-0.0126852,-0.0128249,-0.0125743,-0.0124469,-0.0123082,-0.0119442,-0.0114168,-0.0110462,-0.0105683,-0.0102451,-0.00947207,-0.0092087,-0.00901229,-0.00866933,-0.00824501,-0.00775431,-0.00736721,-0.00733905,-0.00691942,-0.00655186,-0.00588618,-0.00543663,-0.00456718,-0.00398056,-0.00323619,-0.00238459,-0.0014839,0.000254632
-0.012726,-0.0125292,-0.0129844,-0.0131291,-0.0130961,-0.0129562,-0.012688,-0.012369,-0.0118637,-0.0116102,-0.0110349,-0.0106674,-0.00982813,-0.00949889,-0.00933778,-0.00904935,-0.00870109,-0.00816784,-0.00778771,-0.00743639,-0.00740675,-0.00699773,-0.00626926,-0.00554355,-0.0048429,-0.00426507,-0.00327315,-0.00268924,-0.00179859,4.55E-05
-0.0131013,-0.0130066,-0.0134972,-0.0135796,-0.0136276,-0.0134595,-0.0131277,-0.0127025,-0.0121304,-0.0116683,-0.0113111,-0.0109425,-0.0103354,-0.00986808,-0.0096602,-0.00942041,-0.00896217,-0.00849885,-0.00816049,-0.00805929,-0.00773041,-0.00738662,-0.00646585,-0.00580475,-0.00512118,-0.00452513,-0.00369144,-0.00279797,-0.00187741,-0.000319058
-0.0136643,-0.0135379,-0.0137875,-0.0140291,-0.0141332,-0.0139971,-0.0135478,-0.0130149,-0.0124838,-0.0122064,-0.011723,-0.0114384,-0.0109775,-0.0104099,-0.0102027,-0.00971335,-0.00932884,-0.00884359,-0.0083755,-0.00794413,-0.00783981,-0.00745721,-0.00687796,-0.00611814,-0.00527314,-0.0045645,-0.00402267,-0.00304884,-0.00226997,-0.00050601
-0.01417,-0.0140199,-0.014181,-0.0145144,-0.0144794,-0.0143753,-0.0139428,-0.013416,-0.0128811,-0.0126642,-0.0121874,-0.0120271,-0.0112238,-0.0108633,-0.0104758,-0.0101979,-0.00953798,-0.00907687,-0.00874355,-0.00857878,-0.00821703,-0.00767734,-0.00722751,-0.00646875,-0.00560167,-0.004852,-0.00427134,-0.00352734,-0.00227309,-0.000559764
-0.0146449,-0.0143602,-0.0145494,-0.0148991,-0.0147023,-0.0146262,-0.0142116,-0.0136803,-0.0132268,-0.0129671,-0.0124074,-0.0121432,-0.0117528,-0.0110756,-0.0108488,-0.0104867,-0.00998214,-0.00952564,-0.00931958,-0.00915371,-0.00862262,-0.0079865,-0.00742425,-0.00674189,-0.00589263,-0.00500401,-0.00444195,-0.00366066,-0.00270873,-0.000881055
-0.0149911,-0.0145597,-0.0149745,-0.0151151,-0.0148691,-0.0148063,-0.0144305,-0.0139068,-0.0135806,-0.0131733,-0.0127274,-0.0125159,-0.0122431,-0.0115672,-0.0112559,-0.0109483,-0.0102882,-0.00979817,-0.00965645,-0.00945097,-0.00902422,-0.00849282,-0.0076776,-0.00706936,-0.0060755,-0.00526498,-0.00462981,-0.00390789,-0.00275998,-0.00140598
-0.01534,-0.0148956,-0.0152707,-0.0152659,-0.0151644,-0.0150343,-0.0147269,-0.0141973,-0.0138329,-0.0136291,-0.0131909,-0.0129105,-0.0128078,-0.0121626,-0.0116899,-0.0112811,-0.0106816,-0.0102275,-0.0101246,-0.00982369,-0.00942285,-0.00877511,-0.0080232,-0.00729915,-0.00621955,-0.00537292,-0.00463434,-0.00400018,-0.00293477,-0.00181182
-0.0156601,-0.0151686,-0.0155388,-0.015517,-0.0153757,-0.0152495,-0.0149031,-0.0145261,-0.0141883,-0.0138391,-0.0133677,-0.0132352,-0.0130996,-0.012657,-0.01214,-0.0116721,-0.011163,-0.0105493,-0.0106026,-0.0102576,-0.00976496,-0.00894226,-0.0083757,-0.00748773,-0.0065952,-0.00565132,-0.0047982,-0.00417181,-0.00334282,-0.00218598
-0.0158591,-0.0155263,-0.0156442,-0.0157766,-0.015711,-0.0156372,-0.0152555,-0.0149414,-0.014577,-0.0141277,-0.0139379,-0.0135918,-0.0133394,-0.0129988,-0.0123596,-0.0119102,-0.0116698,-0.0112586,-0.0108472,-0.0103187,-0.00989229,-0.00922927,-0.0086629,-0.00783539,-0.00682588,-0.00577698,-0.0051625,-0.00428667,-0.0035064,-0.00256393
-0.0159487,-0.015697,-0.015908,-0.016,-0.0159793,-0.0158587,-0.015817,-0.0156228,-0.0149858,-0.0145869,-0.0141956,-0.0138875,-0.0134217,-0.0132,-0.0127084,-0.0122836,-0.0120542,-0.0116072,-0.0111322,-0.0105347,-0.010161,-0.00940869,-0.00875812,-0.00785038,-0.007011,-0.00603558,-0.00525479,-0.0046286,-0.00397207,-0.00279922
-0.016446,-0.0160484,-0.0160508,-0.0161834,-0.0161843,-0.016241,-0.0162586,-0.0161045,-0.0154197,-0.0148601,-0.0145159,-0.013914,-0.0136954,-0.0132442,-0.0127942,-0.0123997,-0.0120809,-0.0116785,-0.0111004,-0.010694,-0.0103042,-0.00972799,-0.00889302,-0.00810416,-0.00733177,-0.0064858,-0.00550463,-0.00453405,-0.00438795,-0.00329006
-0.0166994,-0.01634,-0.0163217,-0.0163424,-0.0164896,-0.0165223,-0.0169209,-0.0165159,-0.0156457,-0.0151973,-0.0145816,-0.0139686,-0.0136704,-0.0133188,-0.0127408,-0.0124053,-0.0119647,-0.0117063,-0.0113405,-0.0109185,-0.010433,-0.00978781,-0.00909036,-0.00829884,-0.00747098,-0.00663767,-0.00557751,-0.00489909,-0.0044176,-0.00362642
-0.0168334,-0.0166573,-0.016437,-0.0166229,-0.0168474,-0.0167314,-0.0169572,-0.016764,-0.0158404,-0.0155064,-0.0143931,-0.013915,-0.0136792,-0.0132704,-0.0127262,-0.0123441,-0.0118292,-0.0117701,-0.0116385,-0.0111729,-0.010532,-0.00986665,-0.00915171,-0.00838286,-0.00757001,-0.00678251,-0.00571848,-0.00478108,-0.00438401,-0.00382884
-0.0171593,-0.0167791,-0.0167498,-0.0171294,-0.0170843,-0.0168262,-0.0168152,-0.0167931,-0.0160996,-0.0151175,-0.0146028,-0.0140432,-0.0136004,-0.0131538,-0.0124961,-0.0120792,-0.011889,-0.0117306,-0.0118548,-0.0113661,-0.0108985,-0.0101469,-0.00922385,-0.00858067,-0.00785593,-0.00680138,-0.00588851,-0.004966,-0.00445398,-0.00395714
-0.0171842,-0.0167791,-0.0169213,-0.0171869,-0.0171936,-0.0169022,-0.0166763,-0.0163136,-0.0160001,-0.0152362,-0.0145793,-0.0140365,-0.0134603,-0.0130491,-0.0124096,-0.0120749,-0.0118638,-0.0116344,-0.0116763,-0.0113943,-0.010967,-0.0102629,-0.00961963,-0.00858039,-0.00802413,-0.00691623,-0.00601085,-0.00516545,-0.00470151,-0.00425749
-0.016709,-0.0167428,-0.016966,-0.0169,-0.0171331,-0.0167995,-0.0163479,-0.0160522,-0.0156179,-0.0151497,-0.0145219,-0.0140131,-0.0135403,-0.0129835,-0.0125407,-0.0122639,-0.0120355,-0.0117732,-0.0117175,-0.0113975,-0.0110252,-0.0104262,-0.00975994,-0.00884669,-0.00801211,-0.00695184,-0.00600907,-0.00538104,-0.00476806,-0.00446182
-0.0166852,-0.0168535,-0.016933,-0.0168574,-0.017062,-0.0165057,-0.0161499,-0.0156768,-0.0154422,-0.0148824,-0.0145708,-0.0141523,-0.0137371,-0.0131063,-0.0125794,-0.0124314,-0.0121151,-0.0118867,-0.011784,-0.0115277,-0.0109177,-0.0106122,-0.00985782,-0.00910276,-0.00820289,-0.00723581,-0.00606253,-0.00521905,-0.0050395,-0.00449541
-0.0168073,-0.0168278,-0.0169347,-0.0166989,-0.0166982,-0.0165139,-0.0159382,-0.0155068,-0.0152317,-0.014677,-0.0143946,-0.0143457,-0.0139033,-0.013252,-0.0127229,-0.0127227,-0.0122677,-0.0119341,-0.0117638,-0.011571,-0.0112646,-0.0106171,-0.010016,-0.00941838,-0.0083424,-0.00724197,-0.00615394,-0.00546051,-0.00503055,-0.00450616
-0.0168375,-0.0166853,-0.0168032,-0.0166845,-0.0165164,-0.0163916,-0.0157367,-0.0151763,-0.014842,-0.0146,-0.01435,-0.0142611,-0.0138498,-0.0134156,-0.01293,-0.0127944,-0.0124102,-0.0120539,-0.0118435,-0.0117355,-0.0113971,-0.0107489,-0.0100508,-0.00948717,-0.00859904,-0.00740286,-0.00643013,-0.00541178,-0.00463248,-0.00447042
-0.0168354,-0.0166331,-0.0166873,-0.0165831,-0.0165534,-0.0161744,-0.0155509,-0.0148125,-0.0146722,-0.0147601,-0.01412,-0.0139645,-0.0138602,-0.0137528,-0.0132248,-0.0127979,-0.0124277,-0.0120996,-0.0121103,-0.0119081,-0.0113952,-0.0107989,-0.0100793,-0.00935939,-0.008594,-0.00751876,-0.00639465,-0.00549873,-0.00463409,-0.00450616
-0.0167433,-0.0166001,-0.0165161,-0.0164959,-0.0163186,-0.0159924,-0.0154855,-0.0149326,-0.0147389,-0.014783,-0.0140217,-0.0138573,-0.0136142,-0.0136671,-0.0133251,-0.0128969,-0.012573,-0.0122332,-0.0123333,-0.0119393,-0.0114786,-0.0106499,-0.00995819,-0.00938148,-0.00859547,-0.00768771,-0.0063337,-0.00535759,-0.00500565,-0.00461943
-0.0166747,-0.0164316,-0.0165421,-0.0163565,-0.0162215,-0.0159971,-0.0154795,-0.0148664,-0.0146124,-0.0147283,-0.0142914,-0.0139552,-0.0136547,-0.0136133,-0.0133102,-0.0128012,-0.0125331,-0.0124628,-0.0126844,-0.0122444,-0.0116823,-0.010833,-0.00986611,-0.00938845,-0.00855202,-0.00787223,-0.00653234,-0.00559911,-0.00475595,-0.00474686
-0.0167272,-0.016245,-0.0165114,-0.0165023,-0.0160969,-0.0159204,-0.0154974,-0.0149107,-0.0147229,-0.0147643,-0.0145035,-0.0139263,-0.0136531,-0.0135968,-0.0133242,-0.0128382,-0.0125066,-0.0126214,-0.0127423,-0.0122411,-0.0117749,-0.0106789,-0.00963554,-0.00925623,-0.00836387,-0.00744683,-0.00638186,-0.00535463,-0.00482401,-0.00491711
-0.0166038,-0.0161767,-0.016295,-0.0162433,-0.0161723,-0.0158765,-0.0156241,-0.0153789,-0.0150379,-0.014843,-0.0146573,-0.0140459,-0.0137826,-0.0134888,-0.013162,-0.0128403,-0.0125127,-0.012571,-0.0126617,-0.0122288,-0.0114619,-0.0105481,-0.00951286,-0.00880583,-0.00812866,-0.00706839,-0.00629854,-0.00546505,-0.00477268,-0.00511371
-0.016387,-0.0160434,-0.0163668,-0.0160947,-0.0161275,-0.0159472,-0.0159344,-0.0157412,-0.0151682,-0.0149839,-0.0147689,-0.0142742,-0.0137786,-0.0134385,-0.0130314,-0.0126538,-0.0124555,-0.0122592,-0.0123296,-0.0118803,-0.011204,-0.00995038,-0.00915741,-0.00841015,-0.00762803,-0.00701371,-0.00604731,-0.00540292,-0.00481413,-0.00512272
-0.0158973,-0.0157569,-0.0159177,-0.0157558,-0.01605,-0.0162584,-0.0161751,-0.0158172,-0.0151695,-0.0148235,-0.0147805,-0.014411,-0.013868,-0.0132185,-0.012515,-0.0120893,-0.0118191,-0.0118252,-0.0121486,-0.0118971,-0.0110677,-0.00987099,-0.00891978,-0.00808047,-0.00717032,-0.00650109,-0.00583049,-0.00507329,-0.0048088,-0.00512349
-0.0156295,-0.0156469,-0.0157287,-0.0157907,-0.0159728,-0.0163177,-0.0160694,-0.0155685,-0.0149506,-0.0146917,-0.0147926,-0.0144109,-0.0136865,-0.0128205,-0.0121637,-0.0115421,-0.0112582,-0.0111497,-0.0117907,-0.0116578,-0.0106741,-0.00953616,-0.00876713,-0.00785777,-0.00691072,-0.0062933,-0.0056647,-0.00513416,-0.00492005,-0.0052388
-0.0153247,-0.0153156,-0.0154639,-0.0155053,-0.015757,-0.0160099,-0.0158909,-0.0153739,-0.0148215,-0.014341,-0.014285,-0.0140874,-0.0135366,-0.0126488,-0.0116536,-0.0109574,-0.0107194,-0.0106651,-0.0112349,-0.0111311,-0.0104026,-0.00938301,-0.00862018,-0.00771043,-0.00695767,-0.00602631,-0.00569918,-0.00512829,-0.00438347,-0.00518109
-0.015086,-0.0146768,-0.0150782,-0.0155611,-0.015492,-0.0157506,-0.0156719,-0.0151766,-0.0146513,-0.0139982,-0.0137714,-0.0136454,-0.0131703,-0.0124447,-0.0114882,-0.0106295,-0.0102391,-0.0103208,-0.0105604,-0.0105556,-0.0098943,-0.00919052,-0.00846659,-0.00758973,-0.00679407,-0.00606998,-0.00534368,-0.00495296,-0.00430297,-0.00538454
-0.0145643,-0.0140891,-0.0146482,-0.014925,-0.0152672,-0.0155871,-0.0154019,-0.0150935,-0.0143796,-0.0138667,-0.0134897,-0.0134364,-0.0127915,-0.0121449,-0.0111602,-0.0105132,-0.00995901,-0.0100515,-0.0100598,-0.0100307,-0.00964024,-0.00891118,-0.00819845,-0.0072224,-0.00631405,-0.00585114,-0.0050944,-0.00475727,-0.00455733,-0.005306
-0.0139809,-0.0136364,-0.0143396,-0.0148416,-0.0149722,-0.0151901,-0.0149723,-0.0146618,-0.0140722,-0.0136156,-0.0132661,-0.0131187,-0.0123455,-0.0117574,-0.0108624,-0.0103889,-0.00991297,-0.00988435,-0.00968129,-0.00962154,-0.00926729,-0.00866669,-0.00794825,-0.00701797,-0.0063294,-0.00547911,-0.00499133,-0.00469447,-0.00466262,-0.00523284
-0.0137715,-0.0133129,-0.014272,-0.0144118,-0.0144219,-0.0146572,-0.0145782,-0.0144664,-0.0138489,-0.0131794,-0.0130971,-0.0126253,-0.0119947,-0.0116118,-0.0108412,-0.0101746,-0.00985507,-0.00961205,-0.00948478,-0.00917531,-0.00888472,-0.00866393,-0.0077482,-0.00686777,-0.00627851,-0.00567874,-0.00511813,-0.00457542,-0.00432431,-0.00515354
-0.0133267,-0.0130703,-0.0135309,-0.0139481,-0.0141806,-0.014155,-0.0141256,-0.0141475,-0.0134782,-0.0128743,-0.0126921,-0.0122167,-0.0118959,-0.0113224,-0.0107264,-0.0100098,-0.00976069,-0.00952244,-0.00937977,-0.00922428,-0.00878237,-0.00819415,-0.00759186,-0.00661831,-0.00591758,-0.0053568,-0.00490115,-0.00419101,-0.00420144,-0.00496292
-0.0128244,-0.0129646,-0.0132273,-0.0135525,-0.0137577,-0.0137379,-0.0137221,-0.0137525,-0.0133166,-0.0125663,-0.0122577,-0.0120381,-0.0116057,-0.0110127,-0.0102837,-0.00986576,-0.00954778,-0.00932987,-0.00932627,-0.00893585,-0.00870783,-0.007938,-0.00721879,-0.00643998,-0.00568683,-0.00516207,-0.00474052,-0.00441562,-0.00400067,-0.00481848
-0.0124305,-0.0124734,-0.0127632,-0.0131762,-0.0134755,-0.0133613,-0.013468,-0.0135058,-0.012932,-0.0122207,-0.0118201,-0.0117112,-0.0112376,-0.010549,-0.0100748,-0.0097535,-0.00942166,-0.00921779,-0.00904819,-0.00877563,-0.00832699,-0.00772725,-0.00685244,-0.00595732,-0.00535806,-0.00498309,-0.00465239,-0.00413276,-0.00353312,-0.00438818
-0.0120975,-0.0122311,-0.0121924,-0.0124095,-0.0129959,-0.0128586,-0.0131762,-0.0131325,-0.012496,-0.0117341,-0.0115112,-0.0112529,-0.0108617,-0.0101297,-0.00988352,-0.0095178,-0.00913876,-0.00897092,-0.00873078,-0.00848808,-0.00784139,-0.0073108,-0.00646544,-0.00563728,-0.00502228,-0.00486954,-0.00448422,-0.0039134,-0.00331667,-0.00427807
-0.0116033,-0.0116133,-0.0118824,-0.0117362,-0.0122677,-0.0124022,-0.0126188,-0.0127381,-0.0119802,-0.0110835,-0.0109062,-0.0104701,-0.0103212,-0.00997199,-0.00969013,-0.00918961,-0.00903865,-0.00868038,-0.00839782,-0.00803559,-0.00744191,-0.0069779,-0.00624112,-0.00540332,-0.00504752,-0.00436509,-0.00425952,-0.00353758,-0.003087,-0.00413277
-0.01098,-0.0110727,-0.0113257,-0.0113328,-0.0115734,-0.0120016,-0.0122006,-0.0121592,-0.0114295,-0.0104331,-0.0101706,-0.009875,-0.00980775,-0.00953941,-0.00921294,-0.00893589,-0.00876776,-0.00849804,-0.00794345,-0.00755138,-0.0070516,-0.00647321,-0.00576766,-0.0051125,-0.00465943,-0.00436948,-0.00365923,-0.00319704,-0.00260334,-0.00383045
-0.0103769,-0.0104616,-0.0106179,-0.0109302,-0.0114851,-0.0116565,-0.0117786,-0.0114242,-0.0107424,-0.010058,-0.00980452,-0.00940634,-0.00956269,-0.00905526,-0.00877899,-0.00844465,-0.00826344,-0.00802936,-0.00770531,-0.00725566,-0.00677873,-0.00613597,-0.00536043,-0.00469881,-0.00421645,-0.00389048,-0.00340981,-0.00302836,-0.00251052,-0.00359358
-0.00972964,-0.00964616,-0.00993742,-0.0106149,-0.0112225,-0.0113716,-0.011304,-0.0109144,-0.0100286,-0.00977957,-0.00936866,-0.00904661,-0.00888518,-0.00847454,-0.00843166,-0.00814101,-0.00795564,-0.00753448,-0.00724804,-0.006666,-0.00630933,-0.0056884,-0.00496473,-0.00433501,-0.00385736,-0.00331899,-0.00294575,-0.00275849,-0.00212196,-0.00335249
-0.00888196,-0.00889432,-0.00926443,-0.0100363,-0.0106017,-0.0108007,-0.0107871,-0.0103411,-0.00936293,-0.0090897,-0.00872621,-0.00860435,-0.00804664,-0.00780134,-0.00782275,-0.00766748,-0.00747528,-0.0071058,-0.0067557,-0.00626316,-0.00582603,-0.00530586,-0.00459135,-0.00399458,-0.00349286,-0.00275645,-0.00271323,-0.00244312,-0.00158648,-0.0029847
-0.00802355,-0.00807651,-0.0084611,-0.00963898,-0.0101595,-0.0102018,-0.0101079,-0.00965449,-0.0087281,-0.00826815,-0.00805697,-0.00784827,-0.00752425,-0.00719892,-0.00713741,-0.00698799,-0.00684133,-0.00651273,-0.00624682,-0.00582904,-0.00547821,-0.00484981,-0.00420219,-0.00380012,-0.00290006,-0.00244861,-0.00220422,-0.00202966,-0.00154556,-0.00272322
-0.00708742,-0.0075061,-0.00819236,-0.00923068,-0.00944415,-0.00927548,-0.00914299,-0.00879761,-0.00806151,-0.00769944,-0.00738765,-0.007203,-0.00705418,-0.0067953,-0.00639203,-0.00639697,-0.00632469,-0.00591162,-0.00572966,-0.00536212,-0.00491467,-0.00419658,-0.00370203,-0.00322279,-0.00246478,-0.00209466,-0.00201658,-0.00169787,-0.00126712,-0.0022397
-0.00634859,-0.00686262,-0.00772667,-0.00858362,-0.00863723,-0.00832227,-0.00815011,-0.00793133,-0.00736146,-0.00712796,-0.00682368,-0.0066706,-0.00650075,-0.00609139,-0.00595881,-0.0056792,-0.00561448,-0.0054712,-0.00515691,-0.0047449,-0.0043118,-0.00385833,-0.00329345,-0.00256614,-0.00190972,-0.00139841,-0.00145979,-0.00133987,-0.000929625,-0.00185807
-0.00572859,-0.00609354,-0.00685774,-0.00787463,-0.00788342,-0.00746145,-0.00724163,-0.00694213,-0.00685367,-0.00675826,-0.00628547,-0.00611527,-0.00569173,-0.00536991,-0.00531132,-0.00504503,-0.00487475,-0.00464875,-0.0042977,-0.00391755,-0.00359321,-0.0031179,-0.00261324,-0.00201874,-0.00144078,-0.000898741,-0.000798558,-0.000820964,-0.000603158,-0.00166947
-0.00496338,-0.00532603,-0.00614915,-0.00682178,-0.00681889,-0.00643655,-0.0062764,-0.0063244,-0.00618991,-0.00607711,-0.00576856,-0.00552767,-0.00515083,-0.00484779,-0.00471196,-0.0044663,-0.00413285,-0.00385854,-0.00356506,-0.00329818,-0.0028332,-0.00244747,-0.00191808,-0.00147761,-0.000818708,-0.000475578,-0.000348022,-0.000211762,-7.21E-05,-0.00132005
-0.00390811,-0.0044617,-0.00506588,-0.00526788,-0.00557659,-0.0053546,-0.00551378,-0.00561237,-0.00545342,-0.00534342,-0.00506748,-0.00494031,-0.00463511,-0.00424248,-0.00409595,-0.00381482,-0.00343832,-0.00320298,-0.00289485,-0.00253717,-0.00226162,-0.00173578,-0.00140527,-0.000872501,-0.000399001,9.00E-05,0.000262385,0.000192021,0.000266825,-0.00087866
-0.00289426,-0.00355543,-0.00398481,-0.00401961,-0.00425692,-0.00443823,-0.00478028,-0.00476576,-0.00462325,-0.00462,-0.00449494,-0.00420984,-0.00390606,-0.00342586,-0.00332859,-0.0032269,-0.00285244,-0.00264252,-0.00229579,-0.00191861,-0.00157524,-0.00126403,-0.000747253,-0.000345669,0.000167775,0.000514249,0.000749125,0.000524431,0.000511078,-0.000579627
-0.00208354,-0.00260599,-0.00285961,-0.00302189,-0.00335894,-0.00365779,-0.00397693,-0.00394925,-0.00390142,-0.00389068,-0.0037835,-0.00351663,-0.00320962,-0.00288427,-0.00273462,-0.00248842,-0.00217579,-0.00182223,-0.00153004,-0.00117018,-0.000992965,-0.000605539,-8.82E-05,0.000358319,0.000741259,0.00107588,0.00131899,0.00112198,0.000927987,-0.000215983
-0.00150367,-0.00169973,-0.00186528,-0.00212303,-0.00256585,-0.00284164,-0.00308088,-0.00309072,-0.00317363,-0.00316225,-0.00299297,-0.00287043,-0.00255805,-0.00235017,-0.00209912,-0.00173955,-0.00145213,-0.00110915,-0.000864575,-0.000667725,-0.000469428,2.92E-05,0.000502879,0.000929381,0.00127606,0.00157214,0.0018208,0.00162492,0.0013877,0.000257487
-0.000921745,-0.00107895,-0.00117798,-0.00127684,-0.00173191,-0.00200976,-0.00239464,-0.00228823,-0.0022795,-0.00216674,-0.00205143,-0.00199318,-0.00184959,-0.001702,-0.00143662,-0.00102617,-0.000827224,-0.000494885,-0.000208909,7.23E-06,0.00025569,0.000632253,0.00115496,0.00146404,0.00185292,0.00213308,0.00214777,0.00194427,0.00159398,0.000719359
-0.000550544,-0.000585425,-0.000565513,-0.00057681,-0.000915237,-0.00124662,-0.00157114,-0.0015525,-0.00154764,-0.00151244,-0.00132841,-0.00136486,-0.00126942,-0.00108316,-0.000643594,-0.000314783,-0.000105636,0.000149201,0.000499831,0.000683862,0.000978706,0.00135479,0.00176465,0.00200525,0.00241168,0.00252878,0.00256995,0.00246433,0.00213409,0.00115358
-6.50E-05,4.39E-05,8.53E-05,4.50E-05,-0.000203422,-0.000453462,-0.00067139,-0.000572594,-0.000696255,-0.000759028,-0.000633635,-0.000596024,-0.000415922,-0.000216447,0.000151345,0.000429643,0.000591223,0.000802845,0.00111386,0.00134124,0.00161542,0.00192992,0.00223116,0.00262663,0.00292693,0.002924,0.00316683,0.00306175,0.00260374,0.00159742
0.000625561,0.000693962,0.000760385,0.00056192,0.000546771,0.000288528,0.000256924,0.000339582,0.000164565,0.000138025,0.00015903,0.000259424,0.00037314,0.000519511,0.000765655,0.000979183,0.00124008,0.00150229,0.00172367,0.0020182,0.00211445,0.00248216,0.00285309,0.00329609,0.00344774,0.00350267,0.00363711,0.00341827,0.00297115,0.00200922
0.00116909,0.00132157,0.00142004,0.00116499,0.00114049,0.00108494,0.00109783,0.00109542,0.00096329,0.000902626,0.000929998,0.000965235,0.00110689,0.00113225,0.0012542,0.00152994,0.00180523,0.00202956,0.00218657,0.00242585,0.00265099,0.00308263,0.00344167,0.00385752,0.00397367,0.00410652,0.00432061,0.00396558,0.00344206,0.00243406
0.00195269,0.00182763,0.0019652,0.00193181,0.00192322,0.00180866,0.00195409,0.00198297,0.001783,0.00176046,0.00164373,0.001679,0.00168588,0.00182059,0.00182702,0.00211461,0.00232154,0.00251847,0.00272933,0.00302279,0.00333362,0.00364719,0.00393011,0.00434386,0.00460648,0.00462661,0.00475475,0.00435458,0.00416604,0.00284198
0.00275299,0.00271042,0.00281402,0.00271704,0.00281077,0.0028252,0.00295336,0.00284005,0.0026502,0.00254552,0.00248297,0.00248646,0.00251241,0.00262485,0.00261509,0.0027513,0.00288409,0.0031601,0.00342993,0.00365657,0.00402053,0.004169,0.00459503,0.00489978,0.00497295,0.0050282,0.00515742,0.00488108,0.0046022,0.00317439
0.00367441,0.00357317,0.00366339,0.00357297,0.00362041,0.00375088,0.00381242,0.00367514,0.00356526,0.00341287,0.0032812,0.00320738,0.00333274,0.00334879,0.00336482,0.00336523,0.00347792,0.00396871,0.00406313,0.00427071,0.00454395,0.00475574,0.00503228,0.00532453,0.00558284,0.00556533,0.00572151,0.00542866,0.00502995,0.00352418
0.00465984,0.00433514,0.00454333,0.00444108,0.0043797,0.00451744,0.0044928,0.00440812,0.00422947,0.00408177,0.00399603,0.00406898,0.00404415,0.00403596,0.00412085,0.00413012,0.00433347,0.00456491,0.00471811,0.00480285,0.00507767,0.00528639,0.00555967,0.00591632,0.00595558,0.00599068,0.00617407,0.00591103,0.00552059,0.00413705
0.00574267,0.00525966,0.00547195,0.00540831,0.00529892,0.00542055,0.00534179,0.00519618,0.00509185,0.00481805,0.00462093,0.00461829,0.00468543,0.00473882,0.00481708,0.00485602,0.00503389,0.00515034,0.00523715,0.00526628,0.00554145,0.00577116,0.00605317,0.00635404,0.00649213,0.00642381,0.00665886,0.00637906,0.00612453,0.00479584
0.00658552,0.00627126,0.00648855,0.00639995,0.00620438,0.00632819,0.00639694,0.00609174,0.00587095,0.00565525,0.00543247,0.00534384,0.00540949,0.00541023,0.00532042,0.0054184,0.00563219,0.00567264,0.00572105,0.00580366,0.00610232,0.00622467,0.00661225,0.00685637,0.00700247,0.0069726,0.00698398,0.00699212,0.00648922,0.00515047
0.00775972,0.00724515,0.00751314,0.00730779,0.00703517,0.00691329,0.00705903,0.00661822,0.00641804,0.00624505,0.00611303,0.00599548,0.00601819,0.00598832,0.00588772,0.00599574,0.00620325,0.00625316,0.00636791,0.00650101,0.00675799,0.006859,0.00706523,0.00721062,0.0072986,0.00736282,0.00746625,0.00734765,0.00691897,0.00561044
0.00887651,0.00833959,0.00837796,0.00807306,0.00789237,0.00766108,0.0076764,0.00729069,0.00697382,0.00683643,0.00672543,0.00659375,0.00661931,0.00661216,0.00665009,0.00669661,0.00687795,0.00685059,0.00698662,0.00708371,0.00718051,0.00729558,0.00754476,0.00771012,0.00774435,0.0078425,0.0079179,0.00766334,0.0073914,0.0059976
0.00974985,0.00940242,0.0091083,0.0089148,0.00878081,0.0085902,0.00847882,0.0080451,0.00776442,0.00755595,0.00740677,0.00727392,0.00723652,0.00713439,0.00717866,0.00733445,0.00744132,0.00741886,0.0074815,0.00748563,0.00764856,0.00787976,0.00814478,0.00811923,0.00813342,0.00824227,0.00831028,0.00816696,0.00775781,0.00650204
0.0105938,0.0102906,0.0100242,0.00964208,0.00947786,0.00936623,0.0091508,0.00870948,0.00851653,0.00834012,0.00802012,0.00786615,0.00779643,0.0077102,0.00774326,0.00786642,0.0079321,0.00795098,0.00802542,0.00805884,0.0081713,0.00844321,0.00849178,0.00859982,0.00846536,0.0085562,0.00862288,0.00836249,0.00821369,0.00713115
0.0115084,0.011066,0.0107161,0.0103791,0.0100015,0.0100464,0.00971505,0.00934705,0.00914819,0.00883251,0.00846831,0.00839264,0.00834909,0.00833494,0.0082903,0.00842984,0.00844057,0.00860641,0.00868729,0.00855208,0.00865542,0.00884063,0.00885643,0.0089111,0.00890207,0.00892467,0.00881471,0.00867021,0.00893773,0.00775575
0.0121553,0.011828,0.011417,0.0110796,0.0108792,0.010843,0.0104754,0.0100189,0.00967588,0.00952428,0.00919924,0.00895032,0.0089636,0.00902716,0.00893362,0.00908197,0.00909654,0.00918685,0.00923438,0.00900408,0.00898068,0.00916091,0.00918516,0.00924356,0.00922365,0.00907238,0.0092161,0.0093009,0.00939449,0.00805186
0.0129707,0.012529,0.0120844,0.011776,0.0116019,0.0115073,0.0111131,0.0106371,0.0103503,0.0101763,0.00993121,0.00957145,0.00942262,0.00943238,0.00949658,0.00957107,0.00954537,0.0096234,0.00963916,0.0094219,0.00940741,0.00962132,0.00954699,0.00947039,0.0094747,0.00939865,0.00963974,0.0095651,0.00948702,0.00833719
0.0138221,0.0130967,0.0127805,0.0123052,0.0121718,0.0120403,0.0116943,0.0111869,0.0108812,0.0106482,0.0103528,0.0101205,0.0098881,0.00978688,0.00992274,0.00993652,0.0100674,0.0100428,0.0100316,0.00988187,0.00979441,0.00995362,0.00992469,0.00981875,0.00985312,0.00982587,0.00997843,0.00975303,0.00970127,0.00876868
0.0145902,0.0139325,0.0135192,0.0129333,0.012746,0.0126252,0.012253,0.0118112,0.011528,0.0111592,0.0107852,0.0106468,0.0102898,0.0102693,0.0104081,0.0104422,0.0105912,0.0104908,0.0105422,0.0104114,0.0103189,0.0103211,0.0102838,0.0101227,0.0101086,0.0101552,0.0101344,0.0100409,0.00984862,0.00906863
0.0152717,0.0146909,0.0142422,0.0138567,0.0136162,0.013351,0.0129513,0.0125214,0.0121931,0.0119353,0.0115333,0.0113119,0.0110691,0.0109718,0.0109512,0.0110012,0.0111367,0.0111017,0.0110122,0.0108561,0.0107006,0.0106032,0.0105064,0.0103525,0.0103844,0.0104332,0.0103448,0.0104262,0.0103097,0.00944673
0.0158929,0.0153763,0.0147434,0.0144756,0.0141657,0.0139441,0.0135232,0.0131715,0.0128348,0.012607,0.0121587,0.0117905,0.0117358,0.0115984,0.01151,0.0114899,0.0115789,0.0114628,0.0113998,0.0112077,0.0111071,0.0108823,0.010737,0.0104882,0.0105965,0.0105962,0.0107054,0.0106316,0.0105828,0.00970162
0.0167208,0.016044,0.0154374,0.0151517,0.0148284,0.0145441,0.0141273,0.0136807,0.0132853,0.012953,0.0125657,0.0122764,0.0121564,0.0120522,0.0120101,0.0118315,0.0119565,0.0117907,0.011706,0.0115361,0.0113001,0.011106,0.0108952,0.0106997,0.0107235,0.0107617,0.0109228,0.0107557,0.0106801,0.00994955
0.0176016,0.0166366,0.0161079,0.015874,0.0154913,0.0151357,0.0147819,0.014307,0.0137913,0.0134521,0.0130624,0.012799,0.0125815,0.0124899,0.0124061,0.0122639,0.01235,0.0121795,0.0120412,0.0118044,0.0115477,0.0112948,0.0110525,0.0108686,0.0108602,0.0108614,0.0110228,0.0108234,0.0111086,0.0102676
0.0183611,0.0173276,0.0167984,0.0165316,0.0162262,0.0157741,0.0153352,0.0149286,0.0144564,0.0140724,0.0136662,0.0133219,0.0130505,0.0129731,0.0129807,0.0128912,0.0127069,0.012656,0.0123695,0.0119771,0.01178,0.0114807,0.0112463,0.0108978,0.0109249,0.0109773,0.0109876,0.0110745,0.0112367,0.0104045
0.0191524,0.018063,0.0174674,0.016983,0.0167543,0.016167,0.015765,0.0152993,0.0148585,0.0145277,0.0140991,0.0136453,0.0134019,0.013298,0.0133023,0.0131064,0.0129839,0.0127298,0.0124988,0.0122175,0.0119219,0.0114976,0.0114255,0.0111069,0.0110713,0.0110658,0.0110848,0.011264,0.0113282,0.0104113
0.0198435,0.0185966,0.0180221,0.0178178,0.0172655,0.0166482,0.0161407,0.0156118,0.0152287,0.014953,0.0144827,0.0139088,0.0137241,0.0137118,0.0136199,0.0134184,0.0132494,0.0128886,0.0126775,0.0124776,0.0121615,0.0116914,0.0116084,0.0114479,0.0113416,0.0112028,0.0112458,0.0113897,0.0114149,0.0102132
0.0204728,0.019324,0.018692,0.0184363,0.0178468,0.0172899,0.0167092,0.0162109,0.0157403,0.0153324,0.0149256,0.0144485,0.0142279,0.0139859,0.014073,0.0137218,0.0136608,0.0133773,0.0129624,0.0127154,0.0123129,0.0119343,0.0116473,0.0114903,0.0113528,0.0112764,0.011184,0.0112374,0.011462,0.0100312
0.0212191,0.0201616,0.019423,0.0189729,0.0184995,0.0179005,0.0173996,0.0167666,0.0162535,0.0158738,0.0152966,0.0149154,0.014629,0.0142691,0.0143984,0.0141192,0.0138779,0.0135252,0.0131262,0.0126765,0.0121302,0.0118414,0.0116203,0.0114068,0.0112106,0.0112398,0.0111956,0.0112493,0.0113897,0.0100455
0.0218458,0.0206326,0.0200155,0.0194493,0.0189281,0.0182501,0.0176465,0.0170659,0.0165543,0.0160513,0.0155765,0.0152354,0.0148749,0.0145295,0.0144628,0.0142234,0.013838,0.0136019,0.0132907,0.012654,0.0121054,0.0118813,0.0116341,0.0113899,0.0111864,0.011206,0.0112686,0.0113301,0.011467,0.0100073
0.0225549,0.0210924,0.0205109,0.0198843,0.0192554,0.0185153,0.0179272,0.0173714,0.0167856,0.0163378,0.0157826,0.0154679,0.0150505,0.0148205,0.0145502,0.0143728,0.0139818,0.0135753,0.0133792,0.0127884,0.0122564,0.012001,0.011699,0.0115038,0.0112656,0.0112441,0.0112382,0.0112841,0.0114286,0.00954039
0.0233005,0.0217992,0.0211056,0.0205001,0.0198613,0.018919,0.0183796,0.0178269,0.017253,0.0166908,0.016154,0.0157564,0.0153612,0.0151581,0.0147465,0.0144785,0.0142293,0.0137514,0.0134358,0.0128839,0.0123111,0.0119827,0.0116779,0.0113524,0.0112127,0.0111507,0.0110977,0.0112026,0.01101,0.00899611
0.0238643,0.0222619,0.0215405,0.0209682,0.020345,0.0194208,0.0186889,0.0181153,0.0176226,0.0169921,0.0165231,0.0160272,0.0156107,0.0153342,0.0149351,0.0144927,0.0141493,0.0138465,0.0133424,0.0128453,0.0122382,0.0118507,0.0115629,0.0112661,0.0111201,0.0109373,0.0109797,0.0110169,0.0106419,0.00838639
0.0244992,0.0227146,0.0219847,0.0212387,0.0205148,0.0196907,0.0189232,0.0184208,0.0178129,0.0171182,0.0166772,0.0162118,0.0156723,0.0154354,0.0149233,0.0144155,0.0141121,0.0138553,0.0132877,0.0126445,0.0122164,0.0117917,0.011516,0.0111411,0.0110338,0.0108173,0.0108889,0.0108176,0.0105589,0.00803177
0.025057,0.0233126,0.0224603,0.0215973,0.0209037,0.0198548,0.0191996,0.018595,0.0179446,0.0173615,0.0167674,0.0163842,0.0158412,0.0154469,0.0149477,0.0144795,0.0140922,0.0137874,0.0132647,0.0126782,0.0122503,0.0118191,0.011578,0.011119,0.0109727,0.0106803,0.0108078,0.0107411,0.0102521,0.00747977
0.0257768,0.0239401,0.0230596,0.0219989,0.0212679,0.0203256,0.0195228,0.0188923,0.0181779,0.0176078,0.0169836,0.0164101,0.0159543,0.0154262,0.0149861,0.0145,0.014114,0.013606,0.013071,0.0125494,0.0121443,0.0116063,0.01133,0.0107875,0.0106042,0.0104698,0.0104674,0.0104161,0.00963337,0.00682393
0.0263021,0.024389,0.0233427,0.0222731,0.0213929,0.0205003,0.0197211,0.0189307,0.0181946,0.0175107,0.0169547,0.0162811,0.0158379,0.0154265,0.0148247,0.0142687,0.0138453,0.013314,0.0128383,0.0122697,0.0118488,0.0114114,0.0111088,0.0105625,0.0104013,0.0101137,0.0100424,0.00995236,0.0092727,0.0058997
0.0268934,0.0249331,0.0237409,0.0226873,0.0216762,0.0207738,0.0199876,0.0191661,0.0183653,0.0177358,0.0171367,0.0163761,0.0159889,0.0154718,0.0147103,0.014112,0.0136653,0.013165,0.0127803,0.0121991,0.011778,0.0112499,0.0109402,0.0103694,0.0100375,0.00985179,0.00966792,0.00949092,0.00844796,0.00474262
0.0272279,0.0252727,0.0240492,0.0229113,0.0220013,0.020884,0.0200987,0.0192914,0.0185992,0.0177545,0.0171159,0.0164551,0.0159444,0.0154161,0.0145777,0.0139309,0.0135507,0.0130708,0.0125317,0.0121047,0.0116246,0.0110152,0.0106768,0.0101911,0.00979363,0.00958166,0.00926399,0.00923827,0.00738756,0.00364377
0.0276112,0.0255884,0.0244122,0.0231806,0.0220597,0.0208454,0.0200213,0.0191982,0.0184208,0.0177864,0.0170884,0.0163425,0.0158239,0.0152359,0.0144452,0.013772,0.0132763,0.0127495,0.0120706,0.0116998,0.0111956,0.0105557,0.0101553,0.00972872,0.00933831,0.00905244,0.00882636,0.00858526,0.00679452,0.00282464
0.0279487,0.0258599,0.0244918,0.023386,0.0222777,0.0210463,0.0200542,0.0192539,0.0184651,0.0177335,0.0170713,0.0164037,0.0156552,0.0151793,0.0143563,0.0136939,0.0130534,0.0123642,0.0118294,0.0113049,0.0108944,0.0102906,0.00971568,0.00930657,0.0089964,0.00869372,0.0083021,0.008042,0.00622314,0.00256636
0.0281624,0.0258989,0.0246506,0.0236946,0.0223551,0.0211482,0.0201892,0.0193436,0.0184778,0.0178065,0.0170618,0.0163522,0.0155872,0.0150184,0.0141802,0.0135447,0.0128625,0.012141,0.0115135,0.0111087,0.0106167,0.00988479,0.00934707,0.00909822,0.00862807,0.0082329,0.00795041,0.0075348,0.00524648,0.00232023
0.028147,0.0259466,0.0247364,0.023472,0.0224287,0.0210916,0.0201314,0.0193068,0.0183828,0.0176365,0.0167438,0.0161118,0.0152886,0.0145618,0.0137935,0.0131095,0.0124601,0.0117212,0.0111587,0.0107001,0.00990071,0.00936671,0.00894715,0.00849278,0.00811215,0.00766713,0.0074548,0.00710826,0.0044907,0.00213838
0.0283583,0.0259611,0.0247483,0.0235545,0.0222921,0.0209967,0.0200718,0.0191777,0.0182426,0.0172706,0.0163938,0.0156857,0.0149079,0.0140257,0.0133365,0.0127268,0.0120879,0.0113312,0.0107349,0.0102347,0.00944567,0.00892905,0.00844203,0.00786565,0.0073436,0.00690067,0.00668007,0.00621242,0.00357976,0.00180843
0.0284645,0.0259406,0.0246772,0.0235856,0.0223027,0.0209535,0.0198966,0.0189559,0.0180561,0.0171497,0.0163069,0.0154519,0.0147285,0.0138023,0.0130464,0.0122922,0.0116516,0.0109376,0.0104439,0.00981817,0.00926426,0.00855225,0.00806168,0.00753315,0.00695126,0.00639414,0.00600719,0.00538714,0.00275423,0.00127418
0.0285644,0.0258432,0.0245795,0.023393,0.0221407,0.0207555,0.019627,0.0186873,0.017782,0.0169193,0.0160818,0.015278,0.0143619,0.013518,0.0126603,0.0118986,0.0112675,0.0105164,0.0100077,0.00940644,0.00880099,0.00816039,0.00764713,0.00705458,0.00645642,0.00584445,0.00552178,0.00478864,0.00194251,0.000627334
0.0282706,0.0256052,0.0243976,0.0232481,0.0219468,0.0206138,0.0194338,0.0184739,0.0175489,0.0165781,0.0157215,0.0148999,0.0139192,0.0129905,0.0120993,0.0114486,0.0106888,0.010005,0.00943306,0.00877838,0.00823662,0.00754288,0.00716478,0.00646885,0.00581482,0.00522961,0.00492648,0.00403312,0.00147403,-5.71E-05
0.028293,0.0255212,0.0242887,0.0232522,0.0218403,0.02038,0.0191553,0.0181052,0.0171656,0.0162177,0.0152879,0.0144122,0.0134534,0.0124927,0.011502,0.0107778,0.0101257,0.00940128,0.00872118,0.00814839,0.00768185,0.00690856,0.00650575,0.00585481,0.00498296,0.00448041,0.00400298,0.00304388,0.000318966,-0.000573146
0.0281515,0.025367,0.0241128,0.0228898,0.0214047,0.0200195,0.0186676,0.0177836,0.0167793,0.0158722,0.0149484,0.0139784,0.0129315,0.0120212,0.0111077,0.01025,0.009569,0.00886961,0.00822564,0.00759791,0.00702097,0.00634291,0.0057709,0.00503887,0.00428421,0.00376765,0.00321231,0.00203567,-0.00041266,-0.00140095
0.0279208,0.0250818,0.0236649,0.0223655,0.0209603,0.0196589,0.0184395,0.017406,0.0163907,0.0154141,0.0144995,0.0134068,0.0123187,0.0115978,0.0106268,0.00977527,0.00902487,0.00835416,0.00764014,0.00702709,0.00638033,0.00566232,0.0050411,0.00432226,0.00368399,0.00291692,0.00233361,0.00104306,-0.00110865,-0.00213486
0.0272042,0.0245521,0.0235181,0.0222542,0.02067,0.0193439,0.0181904,0.0169934,0.0159657,0.0150163,0.0139975,0.0128575,0.011846,0.0110591,0.00999664,0.00921206,0.0084739,0.00788253,0.00720768,0.00642074,0.00578362,0.00517206,0.0044954,0.00363515,0.00301748,0.00224087,0.00144525,0.000271376,-0.00207884,-0.00327465
0.0267227,0.0242956,0.0232635,0.0218225,0.0204304,0.0189575,0.0176896,0.0165147,0.0153572,0.0143081,0.0132795,0.012248,0.0112531,0.0103031,0.00931544,0.00845684,0.00779873,0.00718107,0.00660436,0.00579518,0.00516157,0.00448057,0.00373785,0.00295405,0.00224596,0.00155954,0.000611232,-0.000601572,-0.00292909,-0.00409924
0.0264769,0.0239738,0.0227995,0.0215339,0.0198663,0.0183008,0.0171338,0.0159086,0.0147566,0.0137108,0.0125192,0.0115312,0.0105513,0.00964502,0.0086711,0.00784271,0.00718979,0.00646271,0.00580052,0.00511226,0.00444299,0.00375317,0.00292636,0.00213694,0.00139668,0.000718961,-0.000288541,-0.00160446,-0.00370633,-0.00502796
0.0260819,0.0234685,0.0222529,0.0209165,0.0194532,0.0178712,0.0166186,0.0153547,0.0143387,0.0132806,0.0120903,0.0109463,0.00989142,0.00894445,0.00809515,0.00730734,0.00666965,0.00591893,0.00519377,0.00455322,0.00385396,0.00303191,0.00219245,0.00131937,0.000444281,-0.000267202,-0.00126007,-0.00266866,-0.00460084,-0.00588603
0.025662,0.0231498,0.021767,0.0205302,0.0191466,0.0174698,0.0162379,0.0148232,0.0137867,0.0126191,0.0114476,0.0101885,0.00903734,0.00819197,0.00735801,0.00664995,0.00590897,0.00523132,0.00455231,0.00384648,0.00310194,0.00218505,0.00143878,0.00052628,-0.00033035,-0.00123054,-0.00235414,-0.00356716,-0.00557365,-0.00641783
0.0250214,0.0228912,0.0213745,0.0200306,0.0185474,0.0169838,0.0155937,0.014306,0.0129262,0.0118475,0.0106408,0.00934876,0.00830214,0.00744521,0.00666414,0.0058748,0.00520194,0.00438071,0.00371744,0.00289243,0.00216429,0.00135309,0.000559142,-0.000361126,-0.00121986,-0.00219279,-0.00316565,-0.00434028,-0.00660483,-0.00719491
0.0244823,0.0222999,0.0208525,0.0194508,0.0179324,0.0163288,0.014892,0.0136511,0.0123297,0.0111957,0.00994588,0.00864951,0.00782266,0.00686287,0.00606301,0.0053535,0.00474367,0.00390656,0.00291665,0.00213727,0.00129815,0.000520204,-0.000342989,-0.00140794,-0.00215583,-0.00318708,-0.00398295,-0.00524001,-0.00721643,-0.00779524
0.0238371,0.0218153,0.0204092,0.0188008,0.0172326,0.0158101,0.0142022,0.0129086,0.0116151,0.0104286,0.00929006,0.0081383,0.00717028,0.00614386,0.00545891,0.0046108,0.00399218,0.00314732,0.0022735,0.00141875,0.000540149,-0.000362222,-0.00120779,-0.0022365,-0.00310731,-0.00407978,-0.00490999,-0.00627687,-0.00790936,-0.00821948
0.0229855,0.0212094,0.0198089,0.0182901,0.0166856,0.0151256,0.0134791,0.0122178,0.010933,0.00959558,0.00845112,0.00731785,0.00620482,0.00532088,0.00467355,0.00380339,0.00302427,0.00217054,0.00140288,0.00054281,-0.000269875,-0.00115613,-0.002088,-0.00310557,-0.00408928,-0.00498557,-0.00597133,-0.00747422,-0.00882544,-0.00905764
0.0223024,0.0206583,0.0191384,0.0178036,0.0160577,0.014402,0.0128239,0.0113675,0.0101148,0.00883448,0.0076443,0.00646463,0.00548646,0.00461958,0.00385384,0.0031009,0.0022053,0.00132015,0.000469395,-0.000334084,-0.00124701,-0.00209562,-0.00302273,-0.00413343,-0.0050724,-0.00599805,-0.00697434,-0.00836025,-0.00978256,-0.00967219
0.0216679,0.0199583,0.018724,0.0171625,0.0153843,0.0135607,0.0119719,0.0104925,0.00939669,0.00811686,0.006918,0.00581966,0.00474229,0.0039199,0.0030965,0.00235054,0.00152724,0.000591518,-0.000326537,-0.00120224,-0.00208421,-0.00298446,-0.00401563,-0.00506438,-0.00592921,-0.00705404,-0.00805253,-0.00929095,-0.0103506,-0.010539
0.021111,0.0196463,0.0181253,0.0163661,0.0147373,0.0129313,0.0113859,0.00986358,0.00854557,0.00725255,0.00608698,0.00503118,0.00396504,0.00315769,0.00228753,0.00147813,0.000708601,-0.000216448,-0.00108896,-0.00203703,-0.00292207,-0.00388533,-0.00502155,-0.00602263,-0.00699334,-0.00805002,-0.00903883,-0.0101584,-0.011021,-0.0112876
0.020484,0.018921,0.0175105,0.0157175,0.0141548,0.0121961,0.0106097,0.00907523,0.00775119,0.00644981,0.00528838,0.00417593,0.00323844,0.00228489,0.00149483,0.000666338,-0.000232491,-0.00111522,-0.00210901,-0.00295091,-0.0038314,-0.00489169,-0.00599632,-0.00696789,-0.00803229,-0.00898794,-0.00998246,-0.010965,-0.0119782,-0.01193
0.0196291,0.0186538,0.0168717,0.0149694,0.01317,0.0113197,0.00983518,0.00828892,0.00685105,0.00564902,0.00440907,0.00333444,0.00233443,0.0014737,0.000621354,-0.000230565,-0.00112335,-0.0021467,-0.00315903,-0.00398631,-0.00484634,-0.00590847,-0.0068985,-0.00790729,-0.00898948,-0.00997939,-0.0109164,-0.0120013,-0.0127973,-0.0127628
0.0192212,0.0181085,0.0161459,0.0142896,0.0124502,0.0106781,0.00902657,0.00743025,0.00593675,0.00475042,0.00363202,0.00256341,0.00155475,0.000664865,-0.000138813,-0.00112062,-0.0020582,-0.00302589,-0.00395114,-0.0049317,-0.00589689,-0.00694711,-0.00782759,-0.00891271,-0.00997337,-0.0107943,-0.0117778,-0.0128338,-0.0133814,-0.0135548
0.0186189,0.0176928,0.0155302,0.0134972,0.0117077,0.00977534,0.0081258,0.00667669,0.00521186,0.0039616,0.00290189,0.00179132,0.000716038,-0.000200266,-0.00110269,-0.00206706,-0.00304702,-0.00400578,-0.00487817,-0.00597333,-0.0069619,-0.00798793,-0.00896957,-0.0100013,-0.0110048,-0.0117106,-0.0124899,-0.013448,-0.0139981,-0.0144857
0.0180119,0.0168459,0.0148777,0.012894,0.0108309,0.00897006,0.00722488,0.00577701,0.00442307,0.00331489,0.00209938,0.00101337,-0.000137485,-0.00106775,-0.0018985,-0.00303445,-0.00406462,-0.00506755,-0.0060024,-0.00698623,-0.00806331,-0.00902688,-0.0100038,-0.0110251,-0.0120599,-0.0125946,-0.0133372,-0.0143142,-0.0149889,-0.0151159
0.017516,0.0162142,0.0141077,0.011933,0.0101056,0.00813512,0.00643766,0.00490379,0.00354154,0.00234837,0.00113215,-4.33E-05,-0.00101133,-0.00202357,-0.00297956,-0.00401448,-0.00508733,-0.00608171,-0.0071167,-0.00811119,-0.00910983,-0.0101116,-0.0110563,-0.0120544,-0.0130457,-0.0137105,-0.0142311,-0.0150827,-0.0156547,-0.0158795
0.0169831,0.015441,0.0132482,0.0113556,0.0092988,0.00744215,0.00572048,0.00409857,0.00259269,0.00132694,0.000282476,-0.000874771,-0.00189126,-0.0028439,-0.00390481,-0.00493902,-0.00601557,-0.00706626,-0.0081348,-0.00917538,-0.0101878,-0.0111893,-0.012128,-0.0130209,-0.0138531,-0.0146147,-0.0152112,-0.0159677,-0.0165358,-0.0164063
0.0160001,0.0146931,0.0124199,0.0104901,0.00864502,0.00652332,0.00458458,0.00316009,0.00180372,0.00051047,-0.00058606,-0.00176853,-0.00272821,-0.00368787,-0.00482873,-0.00585918,-0.00696228,-0.00809694,-0.00910073,-0.0102166,-0.0112404,-0.0122917,-0.0131319,-0.0139852,-0.014826,-0.015548,-0.0160386,-0.0167344,-0.0173139,-0.0168318
0.0154598,0.0136835,0.0118388,0.00976087,0.00743217,0.00563341,0.00392464,0.00241296,0.00109544,-0.000285086,-0.00154969,-0.00264205,-0.00367849,-0.00464025,-0.00577171,-0.00685632,-0.00790276,-0.00905023,-0.0101205,-0.0112398,-0.012185,-0.0132305,-0.0141125,-0.014931,-0.015707,-0.0163727,-0.0169367,-0.0174539,-0.0181372,-0.0172952
0.0148794,0.0130515,0.0109827,0.00894591,0.00669701,0.00478891,0.00310014,0.0015643,0.000273194,-0.00109743,-0.00237143,-0.00369188,-0.00465977,-0.00572073,-0.00692595,-0.00796217,-0.00909267,-0.0101421,-0.0111991,-0.0122311,-0.0131837,-0.0140766,-0.0150259,-0.0157526,-0.0165675,-0.0171866,-0.0177482,-0.0183843,-0.0187413,-0.0179713
0.0140445,0.0120108,0.0101342,0.00796771,0.00596396,0.00395107,0.00231782,0.000733999,-0.00081929,-0.00209092,-0.00335342,-0.00455693,-0.00571023,-0.00669879,-0.00790615,-0.00906331,-0.0102799,-0.0113132,-0.0122877,-0.0132619,-0.0141798,-0.0151433,-0.0159934,-0.0166999,-0.0173659,-0.0180893,-0.0185495,-0.0189842,-0.0192374,-0.0185233
0.013005,0.0112598,0.00946559,0.00712753,0.00498905,0.00314695,0.00135153,-0.000144437,-0.00180164,-0.00306551,-0.0042316,-0.0054825,-0.00668635,-0.00758586,-0.00874891,-0.00995769,-0.0111621,-0.0122089,-0.0133413,-0.014246,-0.0151664,-0.0161111,-0.0168008,-0.0176093,-0.018259,-0.0190005,-0.0194523,-0.0197272,-0.0197632,-0.0190223
0.0121636,0.0102874,0.00842839,0.00631693,0.0040875,0.00212479,0.000335272,-0.00116487,-0.00264639,-0.00406286,-0.0052605,-0.00649313,-0.00772764,-0.00872803,-0.00991635,-0.0110151,-0.0122532,-0.0133175,-0.0143028,-0.0153215,-0.0162152,-0.0171256,-0.0176592,-0.0183998,-0.0189727,-0.0197099,-0.0203004,-0.0205471,-0.0204144,-0.0195998
0.0113133,0.00926229,0.00720049,0.00525833,0.00297245,0.00124229,-0.000514266,-0.00220012,-0.00370626,-0.00523472,-0.00634701,-0.00752773,-0.00887104,-0.00991571,-0.011033,-0.0121681,-0.0134353,-0.014421,-0.0153039,-0.0163345,-0.0171346,-0.0180018,-0.0187825,-0.0193157,-0.0198921,-0.0205825,-0.0209853,-0.0211734,-0.021248,-0.0203817
0.0100362,0.00821789,0.00639053,0.00396531,0.00193334,0.000150044,-0.00157127,-0.00317515,-0.00487839,-0.00636222,-0.00749448,-0.00878612,-0.00992598,-0.0110668,-0.0122222,-0.0134819,-0.0145309,-0.0153481,-0.016333,-0.0173327,-0.0180178,-0.0189173,-0.0196849,-0.020253,-0.0209198,-0.0214445,-0.0218895,-0.0218864,-0.0218691,-0.0208219
0.00876647,0.00677072,0.00515421,0.0029839,0.000850319,-0.000763289,-0.00268812,-0.0044744,-0.00600224,-0.00737713,-0.00876464,-0.0099614,-0.0109917,-0.0122005,-0.0133499,-0.0145847,-0.015591,-0.0165914,-0.0175156,-0.0183044,-0.0190451,-0.0197105,-0.0203853,-0.0210557,-0.0217579,-0.0223946,-0.0227469,-0.0225649,-0.0223537,-0.0213269
0.00726961,0.00553963,0.00408679,0.00164097,-0.000428232,-0.00191601,-0.00400912,-0.00577392,-0.00727706,-0.00881876,-0.0100381,-0.0112315,-0.0124278,-0.0134946,-0.0145347,-0.0157637,-0.0167752,-0.0177962,-0.0185851,-0.019393,-0.020114,-0.0207457,-0.0211606,-0.0217851,-0.0225709,-0.0231698,-0.0234164,-0.0232917,-0.0228538,-0.0219583
0.00573052,0.00425319,0.00236908,0.000304782,-0.00165958,-0.00349704,-0.00543776,-0.0072411,-0.00868033,-0.0101765,-0.0113155,-0.012562,-0.0138023,-0.0147184,-0.0156827,-0.0168732,-0.0179075,-0.0188446,-0.0196297,-0.0203807,-0.0209339,-0.0216992,-0.0221338,-0.0225315,-0.0233272,-0.0238343,-0.0242197,-0.024073,-0.0234806,-0.0226412
0.00397803,0.00253998,0.000923226,-0.0011206,-0.00310041,-0.00509773,-0.00707327,-0.00874277,-0.0101037,-0.0114427,-0.0127044,-0.013882,-0.015118,-0.0161366,-0.017132,-0.0182552,-0.0191676,-0.0199566,-0.0205934,-0.0212013,-0.0219194,-0.0226253,-0.0231789,-0.0235367,-0.0241072,-0.0247426,-0.0248408,-0.0248465,-0.0242525,-0.0232652
0.00243376,0.000607442,-0.00100476,-0.00269715,-0.00485887,-0.00688294,-0.00853264,-0.0102391,-0.0113825,-0.0128266,-0.0140973,-0.0152858,-0.0165544,-0.0177085,-0.0187813,-0.0197438,-0.0205259,-0.0211805,-0.0219484,-0.0224497,-0.0230266,-0.0236383,-0.0242083,-0.0247145,-0.0251416,-0.0254903,-0.0253916,-0.0254856,-0.0247886,-0.0238861
-0.000180383,-0.00188288,-0.00240295,-0.00435921,-0.00672056,-0.00852192,-0.0101184,-0.0116831,-0.0130585,-0.014335,-0.015797,-0.0172048,-0.0184195,-0.0194894,-0.0204354,-0.0212387,-0.0218552,-0.0225181,-0.0231129,-0.0237365,-0.0242368,-0.024749,-0.0252468,-0.0256422,-0.0261535,-0.0263508,-0.0259982,-0.0259869,-0.0253585,-0.0245394
-0.00193049,-0.00410823,-0.00415701,-0.0064919,-0.00875722,-0.0103297,-0.0118256,-0.0132474,-0.0147263,-0.0162216,-0.0175751,-0.0187254,-0.0199303,-0.0209584,-0.021845,-0.0226323,-0.0231718,-0.0239351,-0.0244011,-0.0248133,-0.025297,-0.0258168,-0.0262508,-0.0266341,-0.0270415,-0.0272286,-0.0269598,-0.0267056,-0.0262852,-0.0252789
-0.00481855,-0.00571978,-0.00697006,-0.00875201,-0.0105248,-0.0120657,-0.0134445,-0.0148819,-0.0162397,-0.0179561,-0.0190764,-0.0201551,-0.0212251,-0.0222615,-0.0231587,-0.0239095,-0.0244589,-0.0252118,-0.0257227,-0.0259345,-0.0264329,-0.0268469,-0.0271837,-0.0275081,-0.027741,-0.0280092,-0.0278182,-0.0275987,-0.0272916,-0.0261183
-0.00603874,-0.00792185,-0.00939738,-0.0109252,-0.0123307,-0.0136419,-0.015259,-0.0166186,-0.0180771,-0.0193917,-0.0205424,-0.0216714,-0.0226135,-0.0235612,-0.0245455,-0.025135,-0.0258313,-0.0264657,-0.0271106,-0.0271446,-0.0275483,-0.0278405,-0.0281781,-0.028452,-0.0284247,-0.0285648,-0.0286242,-0.0282996,-0.0279465,-0.0271554
-0.00811101,-0.0108296,-0.0118918,-0.0132267,-0.0141873,-0.0153539,-0.0168294,-0.0182755,-0.0196453,-0.0210142,-0.0220208,-0.0230598,-0.0239076,-0.0255517,-0.0261735,-0.0266934,-0.0271192,-0.0278166,-0.0283273,-0.0282947,-0.0285052,-0.0285865,-0.0289432,-0.0291928,-0.0293161,-0.0293401,-0.0292442,-0.0292693,-0.0287985,-0.0280051
-0.0113452,-0.0134673,-0.0144107,-0.0152947,-0.0161929,-0.0173863,-0.0185744,-0.0199844,-0.0213449,-0.0224041,-0.0235586,-0.0246966,-0.0254026,-0.0264285,-0.0284412,-0.0292102,-0.0291656,-0.029412,-0.0295802,-0.029516,-0.02951,-0.0293899,-0.0295687,-0.0298637,-0.0299258,-0.0299756,-0.0298616,-0.0299132,-0.0294875,-0.0288067
-0.0134803,-0.0157447,-0.0163907,-0.0172637,-0.0180835,-0.0192458,-0.0202239,-0.0215733,-0.0225439,-0.0238174,-0.0246651,-0.0257055,-0.0264462,-0.0276146,-0.0294588,-0.0305586,-0.030833,-0.0310139,-0.030868,-0.030792,-0.0305793,-0.0302368,-0.0301987,-0.0304017,-0.0305169,-0.0306111,-0.0304092,-0.0305366,-0.0301116,-0.0295588
-0.0170865,-0.0191927,-0.019186,-0.0193843,-0.0204551,-0.0213792,-0.0223203,-0.0229152,-0.0236205,-0.0244598,-0.0251638,-0.0264906,-0.0272484,-0.028474,-0.0301109,-0.0313377,-0.0319893,-0.0322206,-0.0321237,-0.0319684,-0.031672,-0.0313333,-0.0312102,-0.0310512,-0.0312234,-0.0313222,-0.0312555,-0.0313689,-0.0308918,-0.0301942
-0.0204231,-0.0218299,-0.0216595,-0.0220495,-0.0225277,-0.0237841,-0.0242069,-0.0249057,-0.0254644,-0.0261594,-0.0264294,-0.0267965,-0.0281892,-0.0295272,-0.0306231,-0.0319582,-0.0327183,-0.033444,-0.0335477,-0.0330403,-0.0326899,-0.0324368,-0.032178,-0.0318645,-0.0319052,-0.0319781,-0.0321018,-0.032026,-0.0317257,-0.031001
4.70E-38,-4.08E-05,-8.16E-05,-0.000122393,-0.00016319,-0.000203988,-0.000244785,-0.000285583,-0.00032638,-0.000367178,-0.000407975,-0.000448773,-0.00048957,-0.000530368,-0.000571165,-0.000611963,-0.000652761,-0.000693558,-0.000734356,-0.000775153,-0.000815951,-0.000856748,-0.000897546,-0.000938343,-0.000979141,-0.00101994,-0.00106074,-0.00110153,-0.00114233,-0.00118313
