,pc1,pc2,pc3,pc4,pc5,pc6,pc7,pc8,pc9,pc10,pc11,pc12,pc13,pc14,pc15
0.000,-98.27548078,-17.14912777,-7.384366688,-4.067475537,-2.850270193,-1.97247347,-1.705265464,-1.611740023,-1.391026824,-0.917457762,-0.569898578,-0.826872709,-0.794625658,-0.623480918,-0.900893099
0.004,-95.30688368,-14.88000466,-7.126313667,-3.536948575,-2.160461675,-1.808179267,-1.305247911,-1.338324472,-1.09904103,-0.900051567,-0.553466531,-0.796709365,-0.665252225,-0.617437845,-0.479397123
0.009,-91.81654824,-14.79964929,-6.891592606,-3.193662186,-2.09530379,-1.567238135,-1.291537901,-1.288968883,-0.918457493,-0.827564719,-0.5032684,-0.792300784,-0.610543554,-0.48015305,-0.469471396
0.013,-89.04138793,-13.5176293,-6.612579486,-2.951270932,-2.013954599,-1.539909458,-1.15094727,-1.279310987,-0.820265258,-0.755891879,-0.484646125,-0.772366919,-0.584179686,-0.477356171,-0.39577947
0.017,-81.86910283,-12.42822966,-6.590401083,-2.808922418,-1.754462337,-1.53952506,-1.145004823,-1.247249423,-0.769416019,-0.71984773,-0.480981768,-0.617459137,-0.560029121,-0.46659063,-0.379560202
0.021,-79.88776443,-11.82106096,-6.309444198,-2.733656076,-1.697267806,-1.33109085,-1.066880089,-1.13753203,-0.723330327,-0.703419703,-0.464176008,-0.600384683,-0.484209019,-0.464656059,-0.340139892
0.026,-79.50427369,-11.52413158,-6.142357153,-2.622714023,-1.694646963,-1.322973989,-1.020420493,-1.059971522,-0.720895713,-0.663212669,-0.446037136,-0.55998495,-0.465456933,-0.4320391,-0.338075238
0.030,-79.29045792,-11.32399555,-5.536119757,-2.411037553,-1.690709677,-1.314470366,-0.998536573,-0.988132045,-0.692626684,-0.637822212,-0.434435167,-0.522678619,-0.442935524,-0.420931902,-0.327880219
0.034,-78.84801509,-10.72358796,-5.224005983,-2.380924083,-1.675715603,-1.246908279,-0.947445356,-0.979465738,-0.691349802,-0.598986265,-0.433931984,-0.520509873,-0.438026295,-0.401867501,-0.320976051
0.038,-78.71886787,-10.69795975,-5.166544787,-2.22213427,-1.599488973,-1.232880171,-0.936128686,-0.954820505,-0.682981679,-0.590271153,-0.413114309,-0.505743424,-0.418065667,-0.394398862,-0.306552779
0.043,-78.61576429,-10.56905572,-4.979402828,-2.139305611,-1.591291706,-1.229711463,-0.890825515,-0.917087196,-0.617060916,-0.577296441,-0.40010605,-0.476412827,-0.410211502,-0.385590841,-0.291314888
0.047,-76.00075839,-10.19316542,-4.965287725,-2.041370553,-1.495379228,-1.208192749,-0.87877041,-0.909499838,-0.573321112,-0.562456023,-0.395121809,-0.414198071,-0.405709715,-0.37530665,-0.281714057
0.051,-72.60622222,-10.05218114,-4.580120184,-1.966651464,-1.465263665,-1.184731087,-0.87430659,-0.887613057,-0.540465959,-0.519438181,-0.3941609,-0.384840914,-0.404938672,-0.373839078,-0.276038205
0.055,-71.85176167,-10.04994083,-4.575766639,-1.903603047,-1.453596654,-1.018573468,-0.86487705,-0.784114934,-0.530500238,-0.519263012,-0.391536933,-0.383478405,-0.39130577,-0.367552263,-0.261043809
0.060,-71.77971213,-9.98318952,-4.571356916,-1.84847913,-1.422621296,-0.991472128,-0.84804208,-0.740481141,-0.510412813,-0.495671107,-0.38267358,-0.383037586,-0.380076886,-0.363758608,-0.257343609
0.064,-69.60498095,-9.88793709,-4.416195439,-1.820160744,-1.379510149,-0.980626084,-0.837387467,-0.713384269,-0.509182387,-0.493679525,-0.374093509,-0.371510673,-0.370347467,-0.359725767,-0.251835466
0.068,-69.51920538,-9.807562853,-4.387618703,-1.803648147,-1.337707395,-0.968675913,-0.792892239,-0.665432871,-0.498072557,-0.492637349,-0.372034566,-0.351362302,-0.362579257,-0.357635608,-0.25180277
0.072,-69.34027792,-9.63650071,-4.344492573,-1.795253232,-1.309229077,-0.956354672,-0.763841133,-0.656558001,-0.49117721,-0.491976077,-0.368688706,-0.344258829,-0.343080271,-0.355489898,-0.244255516
0.077,-69.09946837,-9.509884445,-4.338602028,-1.73289229,-1.285074465,-0.953649461,-0.744915627,-0.642021807,-0.467219291,-0.481528763,-0.364825235,-0.343763331,-0.330069193,-0.35168173,-0.241641309
0.081,-68.78090774,-9.431048361,-4.266825518,-1.732233374,-1.229105315,-0.951501719,-0.716760423,-0.62636592,-0.464660217,-0.472462033,-0.351856026,-0.342112179,-0.311640488,-0.323462544,-0.239938442
0.085,-68.72792184,-8.790952163,-4.240797045,-1.720800414,-1.214882185,-0.920608377,-0.656342958,-0.592931089,-0.435794694,-0.470684095,-0.334165173,-0.334127904,-0.242356884,-0.319727918,-0.224953731
0.089,-68.43432155,-8.708431579,-4.210357114,-1.669842804,-1.181944285,-0.919938587,-0.646126416,-0.586597107,-0.42045575,-0.465392918,-0.331715632,-0.324355789,-0.241165775,-0.311124089,-0.224499214
0.094,-65.99436862,-8.556946851,-4.111478512,-1.648924304,-1.122082346,-0.916144981,-0.641878937,-0.562450555,-0.416405373,-0.438492732,-0.318572682,-0.316211406,-0.240846443,-0.310527366,-0.221838208
0.098,-65.95411041,-8.058460669,-3.980178031,-1.601394655,-1.116395024,-0.877506725,-0.64181501,-0.550789989,-0.396563531,-0.433638647,-0.316757294,-0.314255445,-0.239641057,-0.305588491,-0.219361661
0.102,-65.65154145,-7.966156448,-3.829271118,-1.588862361,-1.01916999,-0.835629482,-0.630080549,-0.53823241,-0.386583597,-0.430179392,-0.315749572,-0.310198939,-0.237718505,-0.303246764,-0.217900536
0.106,-63.31561025,-7.905730745,-3.713520038,-1.581716411,-0.985602649,-0.833432639,-0.615979207,-0.528575688,-0.38431515,-0.417210818,-0.31242911,-0.302222338,-0.230011148,-0.302582663,-0.217561227
0.111,-59.67789047,-7.494041318,-3.648711579,-1.578274514,-0.951940648,-0.830456043,-0.611292799,-0.477171276,-0.382945498,-0.407058201,-0.309976772,-0.300782061,-0.228406989,-0.298076641,-0.213306491
0.115,-59.66727104,-7.478489852,-3.641737278,-1.552393066,-0.910265253,-0.80265365,-0.597665313,-0.472813015,-0.382730529,-0.364486131,-0.309328343,-0.277114273,-0.223284321,-0.261924354,-0.209851248
0.119,-56.04196677,-7.458172395,-3.486778062,-1.543143793,-0.878905087,-0.793753012,-0.593026131,-0.467723737,-0.379924687,-0.356285088,-0.30377569,-0.276204621,-0.209689669,-0.259462553,-0.204546395
0.123,-56.01643864,-7.434915346,-3.444971466,-1.532680673,-0.83757864,-0.790023759,-0.582532807,-0.451338042,-0.374005636,-0.353721148,-0.302848716,-0.24702986,-0.208856327,-0.254607928,-0.202732871
0.128,-53.13196844,-7.117512239,-3.432202937,-1.505343487,-0.780545549,-0.779924952,-0.576440111,-0.443351344,-0.367356574,-0.353170023,-0.297274504,-0.24379126,-0.205241967,-0.250860663,-0.197638689
0.132,-52.64690841,-7.112730681,-3.279052807,-1.470044612,-0.776366751,-0.773173971,-0.554397781,-0.410212502,-0.350246356,-0.347731891,-0.297034884,-0.238493814,-0.203137782,-0.246048052,-0.194370796
0.136,-50.59616778,-7.091408815,-3.17394728,-1.431061763,-0.768607647,-0.769839797,-0.548358693,-0.407441009,-0.349070132,-0.345265819,-0.294286308,-0.2378731,-0.199729609,-0.243596588,-0.193282893
0.140,-50.08319275,-7.084101958,-3.129554294,-1.420722812,-0.744841518,-0.755350946,-0.544631971,-0.403143132,-0.330035981,-0.336488386,-0.288907158,-0.237363198,-0.19377652,-0.241118981,-0.190210949
0.145,-50.07582173,-7.069938191,-3.077074095,-1.4197358,-0.712367693,-0.752109373,-0.528910209,-0.401459646,-0.326649404,-0.332588056,-0.28739062,-0.235265459,-0.192902247,-0.238380284,-0.188599043
0.149,-47.08955828,-6.936872298,-3.054586828,-1.410004499,-0.698683311,-0.751995345,-0.512386533,-0.388962143,-0.323413101,-0.329137318,-0.271552375,-0.232891289,-0.192433581,-0.230508077,-0.185450118
0.153,-47.0493539,-6.831554989,-3.050667016,-1.35326821,-0.692005181,-0.715459848,-0.4936461,-0.388671738,-0.321833911,-0.325257454,-0.269919813,-0.231568419,-0.189733954,-0.224477681,-0.177557864
0.157,-46.17979327,-6.81444162,-3.042987433,-1.351333884,-0.672661194,-0.710719038,-0.482094759,-0.382898841,-0.318468546,-0.316340669,-0.264495595,-0.217762659,-0.188971579,-0.223297035,-0.176882963
0.162,-45.47937655,-6.763528142,-3.024678945,-1.327207291,-0.659831101,-0.696781332,-0.481248703,-0.382229001,-0.316223811,-0.300966953,-0.263133206,-0.215552952,-0.185619734,-0.213904036,-0.171803768
0.166,-42.68460851,-6.705615216,-2.999920959,-1.32584609,-0.626564234,-0.69165564,-0.477571318,-0.382155384,-0.309143661,-0.299494789,-0.253453045,-0.210214193,-0.185096778,-0.206501133,-0.171153905
0.170,-40.64017434,-6.428609244,-2.974711501,-1.287569704,-0.61302026,-0.688399983,-0.469903518,-0.378122144,-0.299126519,-0.287156998,-0.250032848,-0.202916927,-0.178365944,-0.20463512,-0.16229084
0.174,-40.50029172,-6.319260983,-2.955045633,-1.25305788,-0.60128311,-0.666666021,-0.468115189,-0.367417101,-0.299111814,-0.27202941,-0.246903663,-0.202580562,-0.175560175,-0.195124687,-0.161838985
0.179,-40.33399717,-6.250294114,-2.911081103,-1.2193933,-0.566361509,-0.660634976,-0.466408511,-0.366250201,-0.29618559,-0.260824199,-0.246004928,-0.202138747,-0.1685989,-0.193946299,-0.160585804
0.183,-37.73481835,-5.835003099,-2.908002163,-1.213681241,-0.557573161,-0.658890553,-0.459828948,-0.360156802,-0.292092412,-0.259964942,-0.242448986,-0.196804932,-0.16856087,-0.191897525,-0.158005287
0.187,-37.39782072,-5.729517897,-2.813983811,-1.106557105,-0.553801871,-0.64807641,-0.454614297,-0.358301597,-0.288899921,-0.256153764,-0.241451971,-0.19671051,-0.167739236,-0.190851018,-0.147514896
0.191,-36.46098549,-5.672977936,-2.773185973,-1.101510008,-0.548249164,-0.63945132,-0.450576661,-0.355839912,-0.274480288,-0.255044186,-0.240868605,-0.192719834,-0.167591384,-0.172901621,-0.146649399
0.196,-34.85967159,-5.586899598,-2.771615429,-1.100191903,-0.523061681,-0.619855719,-0.441629602,-0.353873556,-0.268097027,-0.254144403,-0.234351396,-0.191589119,-0.167137083,-0.170480538,-0.145996376
0.200,-34.59461727,-5.449455366,-2.696116078,-1.094029809,-0.521041474,-0.598828014,-0.439401492,-0.345256025,-0.266842092,-0.245974306,-0.231688065,-0.184952948,-0.165975741,-0.169224452,-0.145313974
0.204,-33.99337297,-5.436923727,-2.673845885,-1.064937916,-0.516705187,-0.581638746,-0.434628775,-0.333361146,-0.25369213,-0.245063054,-0.216538988,-0.180821754,-0.163726582,-0.167319677,-0.143362958
0.209,-31.58808413,-5.380749418,-2.648804482,-1.004231697,-0.50247901,-0.580375523,-0.429912547,-0.333082037,-0.250158196,-0.239145988,-0.214210242,-0.173190452,-0.161089945,-0.166905375,-0.142883517
0.213,-30.615624,-5.273352631,-2.640138951,-0.994960088,-0.50006035,-0.5773554,-0.417861933,-0.329070446,-0.247509976,-0.23633543,-0.213984235,-0.169540276,-0.154083239,-0.163756477,-0.139197909
0.217,-30.41002171,-5.120983645,-2.632180963,-0.979640657,-0.485061938,-0.57553071,-0.404508845,-0.325324528,-0.24512521,-0.231716401,-0.213614574,-0.162435428,-0.150219621,-0.162977671,-0.138704608
0.221,-28.19551145,-4.980151902,-2.623273723,-0.975651589,-0.481333088,-0.558304042,-0.399370528,-0.313516858,-0.241713772,-0.226415474,-0.208147015,-0.159837242,-0.148392949,-0.162786,-0.136084934
0.226,-28.13436762,-4.868637665,-2.437163728,-0.967688981,-0.460365663,-0.546652632,-0.397156264,-0.309121604,-0.225436498,-0.216784008,-0.198591347,-0.154505924,-0.144323104,-0.158489926,-0.134559388
0.230,-28.04284388,-4.80720684,-2.429951243,-0.924603885,-0.454615398,-0.537570141,-0.393352268,-0.297470172,-0.217740097,-0.213915927,-0.188200206,-0.151006923,-0.143646862,-0.158039941,-0.13059549
0.234,-27.8623556,-4.763438214,-2.385374555,-0.898771502,-0.448144218,-0.521730362,-0.392189805,-0.278636317,-0.214216031,-0.21035315,-0.181432487,-0.142855325,-0.14265523,-0.14631423,-0.129523159
0.238,-27.77943682,-4.614259402,-2.300490313,-0.890408015,-0.447151807,-0.516646164,-0.384323493,-0.278180449,-0.210548314,-0.207859504,-0.174445136,-0.141366698,-0.141840185,-0.144568982,-0.12466726
0.243,-27.60037717,-4.605365447,-2.223909237,-0.889330183,-0.445565007,-0.512177441,-0.380090403,-0.274039778,-0.201074523,-0.206791395,-0.170100108,-0.136157805,-0.141110226,-0.13507336,-0.124645987
0.247,-27.32702721,-4.591232489,-2.198312308,-0.889183605,-0.438851233,-0.506038901,-0.378991765,-0.254237004,-0.199016688,-0.206258241,-0.165614822,-0.13454552,-0.126783041,-0.13459588,-0.122521838
0.251,-27.20765337,-4.561568385,-2.135182659,-0.866699546,-0.431252175,-0.504570898,-0.377808628,-0.249820595,-0.196554325,-0.199537475,-0.164520801,-0.134113095,-0.125519558,-0.129269248,-0.121797128
0.255,-24.93747412,-4.502463366,-2.121769835,-0.863460037,-0.418973443,-0.498861278,-0.37183129,-0.242321062,-0.194913278,-0.197218372,-0.161428548,-0.133009126,-0.119097669,-0.125551993,-0.117264491
0.260,-24.58714186,-4.444280677,-2.106183405,-0.862343436,-0.412347276,-0.47333438,-0.37080669,-0.229050245,-0.180253411,-0.195915802,-0.160116406,-0.132201381,-0.115273085,-0.119931091,-0.115495137
0.264,-24.56055154,-4.422102498,-2.098976135,-0.857440834,-0.403250436,-0.464292982,-0.366136999,-0.223408325,-0.177579262,-0.194561456,-0.159882896,-0.132018917,-0.1152203,-0.112702848,-0.112451427
0.268,-24.416842,-4.255554555,-2.05971627,-0.853565793,-0.3769719,-0.447515926,-0.35696272,-0.218280982,-0.175259473,-0.191508067,-0.155425826,-0.122886418,-0.11521183,-0.094726429,-0.111815847
0.272,-23.81383619,-4.200640789,-2.047806647,-0.849957655,-0.375133788,-0.433406066,-0.344887933,-0.216176597,-0.173652691,-0.18439239,-0.148096196,-0.122073422,-0.106456743,-0.093533112,-0.108254832
0.277,-21.84463703,-4.144548374,-2.043923733,-0.841632861,-0.368401712,-0.426333229,-0.342472057,-0.214342737,-0.171722979,-0.184198068,-0.145820543,-0.12130996,-0.104841647,-0.092015652,-0.10686165
0.281,-21.04701401,-4.036212489,-2.001258828,-0.813707965,-0.363532674,-0.386744188,-0.337724015,-0.211464387,-0.157927198,-0.178094674,-0.144629158,-0.111548882,-0.100102766,-0.090164363,-0.101603264
0.285,-21.03659389,-3.962899406,-1.991682059,-0.803670929,-0.36239409,-0.386088277,-0.336170382,-0.209492782,-0.143094825,-0.154230479,-0.136349412,-0.109853884,-0.099118775,-0.08915123,-0.098883763
0.289,-20.79865306,-3.929620952,-1.936988787,-0.793972946,-0.356680339,-0.36890865,-0.330641548,-0.194753329,-0.138499487,-0.151016158,-0.135958617,-0.108448036,-0.098049725,-0.087886176,-0.097675895
0.294,-20.54323611,-3.908977089,-1.877326829,-0.767197681,-0.343882748,-0.362277543,-0.323408023,-0.191198671,-0.137450193,-0.150565885,-0.131514968,-0.10435687,-0.092565043,-0.08335591,-0.097637418
0.298,-18.44676555,-3.748120776,-1.842828058,-0.740529319,-0.342882033,-0.341680241,-0.316176824,-0.189495133,-0.135260949,-0.146002185,-0.126339855,-0.103896868,-0.090002078,-0.083204198,-0.095154599
0.302,-18.38349262,-3.740603526,-1.738420403,-0.736077327,-0.320515666,-0.337905459,-0.307606217,-0.181100543,-0.131860911,-0.143745813,-0.125981186,-0.099385562,-0.083599386,-0.081765157,-0.091335858
0.306,-18.12990153,-3.730413019,-1.72491516,-0.718590895,-0.317709378,-0.333627928,-0.306732269,-0.176646887,-0.129496617,-0.141699986,-0.125956634,-0.096914434,-0.083067992,-0.076340543,-0.088892453
0.311,-18.05697791,-3.681488912,-1.721693286,-0.708696037,-0.313318714,-0.327540996,-0.299924422,-0.168178015,-0.127880595,-0.137601355,-0.125714093,-0.093829974,-0.08170555,-0.075446349,-0.084581259
0.315,-17.94542924,-3.59545251,-1.703220244,-0.705534501,-0.308015271,-0.326021339,-0.289689689,-0.162317902,-0.123689238,-0.13392332,-0.125712069,-0.089046367,-0.081360396,-0.074860105,-0.083325015
0.319,-15.79625791,-3.460423176,-1.674753095,-0.705419769,-0.298488885,-0.311550891,-0.271766758,-0.162143381,-0.12346152,-0.127641542,-0.125573414,-0.08440646,-0.080406642,-0.071805249,-0.08232949
0.323,-15.42390578,-3.373217533,-1.61953027,-0.668998703,-0.293343145,-0.301127224,-0.2588509,-0.148361371,-0.115291448,-0.117974695,-0.121596079,-0.082661373,-0.080060323,-0.069018674,-0.079791511
0.328,-15.23210089,-3.367086343,-1.602638062,-0.650789915,-0.292759842,-0.29737452,-0.255356153,-0.146787687,-0.112854116,-0.117535058,-0.120660097,-0.082006484,-0.078675969,-0.06750598,-0.079757188
0.332,-15.10358308,-3.320890739,-1.5476674,-0.648329398,-0.280858715,-0.279047531,-0.251502023,-0.143900655,-0.104767391,-0.115622754,-0.119566303,-0.081413424,-0.076846512,-0.065234901,-0.07940601
0.336,-14.99349547,-3.250575572,-1.459814503,-0.641145489,-0.264962568,-0.271279802,-0.231386548,-0.133206724,-0.103870132,-0.114351504,-0.119261064,-0.079910304,-0.074496325,-0.061426614,-0.078848758
0.340,-14.88950761,-3.186412771,-1.457747343,-0.614165721,-0.219708877,-0.270430736,-0.229080977,-0.126235041,-0.102384663,-0.113205664,-0.119027873,-0.07908686,-0.072948187,-0.059857254,-0.077577721
0.345,-14.86537729,-3.066458564,-1.432191707,-0.611201073,-0.191227456,-0.25987765,-0.219833185,-0.125521022,-0.09927646,-0.110716503,-0.118839412,-0.07905535,-0.07260374,-0.058914792,-0.073762746
0.349,-14.83074749,-3.018520902,-1.390533795,-0.592139308,-0.182174457,-0.254753843,-0.216824374,-0.123054725,-0.098908054,-0.109096245,-0.117553001,-0.077091882,-0.07095666,-0.055400105,-0.070256205
0.353,-14.66256063,-2.96268607,-1.38191464,-0.575667383,-0.162177238,-0.251267718,-0.215140508,-0.122042036,-0.080151765,-0.102842843,-0.115152171,-0.072763634,-0.070839138,-0.052832938,-0.069565059
0.357,-14.0716976,-2.886428784,-1.368104454,-0.567507602,-0.138615836,-0.241231763,-0.213559985,-0.116161382,-0.079256562,-0.101465023,-0.114585135,-0.071047291,-0.06843504,-0.052601785,-0.068069324
0.362,-12.50639054,-2.845124079,-1.363736608,-0.554292236,-0.131551393,-0.238486389,-0.210618917,-0.116099749,-0.078211323,-0.100055592,-0.11316241,-0.070598503,-0.068033884,-0.052390361,-0.06784591
0.366,-12.20584659,-2.671524727,-1.320990589,-0.553813934,-0.129977162,-0.228504914,-0.209037869,-0.099596201,-0.072551716,-0.09863469,-0.111229609,-0.064448583,-0.067371469,-0.051804265,-0.066423352
0.370,-12.05896572,-2.657868577,-1.317624261,-0.549692924,-0.11429641,-0.228380007,-0.195055507,-0.09369737,-0.071622122,-0.096381773,-0.109099437,-0.063823613,-0.066064209,-0.048145336,-0.065757629
0.374,-11.92968936,-2.540352541,-1.312345381,-0.548251026,-0.10933156,-0.222939517,-0.185410547,-0.091254505,-0.069558512,-0.096322441,-0.108454697,-0.06234037,-0.060649696,-0.041293909,-0.058048036
0.379,-11.82003713,-2.521586215,-1.255417692,-0.519447874,-0.103871923,-0.22103687,-0.167509642,-0.085447738,-0.066106354,-0.093882125,-0.107118291,-0.05544317,-0.060471192,-0.040340873,-0.056479713
0.383,-10.71956494,-2.487576111,-1.196753063,-0.515483662,-0.090212432,-0.205834043,-0.161640247,-0.081058597,-0.065991416,-0.093058206,-0.106352281,-0.05446709,-0.055426465,-0.039451096,-0.055562975
0.387,-9.088635398,-2.464008316,-1.160221517,-0.496578581,-0.070600703,-0.193570631,-0.142998225,-0.079400959,-0.065665819,-0.08981237,-0.105462135,-0.041366221,-0.05329154,-0.038932096,-0.054745391
0.391,-8.850493844,-2.455713992,-1.096993734,-0.458941843,-0.06980839,-0.192784347,-0.138167713,-0.069880635,-0.061377826,-0.088510444,-0.104723424,-0.039799798,-0.051556965,-0.038548697,-0.053077989
0.396,-8.829928064,-2.377278884,-1.075417354,-0.433203126,-0.059026997,-0.189160218,-0.133945172,-0.068477528,-0.05475937,-0.087985158,-0.087051934,-0.036351045,-0.051458265,-0.034399383,-0.052185338
0.400,-6.041581773,-2.368555292,-1.068898671,-0.399036878,-0.050231989,-0.185583751,-0.133207527,-0.064191996,-0.05136348,-0.086750656,-0.086529769,-0.031306196,-0.049478278,-0.033464031,-0.049787585
0.404,-6.001329704,-2.326286399,-1.064553109,-0.387565209,-0.049672822,-0.176766672,-0.130613452,-0.062129305,-0.042550264,-0.079504602,-0.082173952,-0.027803031,-0.047240951,-0.029893105,-0.048410774
0.409,-5.776468111,-2.230275212,-1.007210973,-0.370769086,-0.043428973,-0.17540709,-0.123342692,-0.060704551,-0.041238792,-0.075345546,-0.080597945,-0.025825598,-0.047220007,-0.028681295,-0.045793772
0.413,-5.523399049,-1.852804472,-1.003135377,-0.352077012,-0.039283773,-0.161100714,-0.114917426,-0.060229627,-0.037790661,-0.067625942,-0.077079634,-0.023082416,-0.043503829,-0.027408841,-0.043086521
0.417,-5.476402222,-1.811475509,-0.938406083,-0.349316014,-0.026014879,-0.157862707,-0.113325958,-0.06007075,-0.035385187,-0.067273921,-0.073923131,-0.022470668,-0.043258267,-0.026776113,-0.042844918
0.421,-5.358054128,-1.802998589,-0.932298506,-0.344978275,-0.011938033,-0.140501386,-0.109650453,-0.058826052,-0.027352973,-0.054378623,-0.0734473,-0.022082349,-0.042425758,-0.02570882,-0.040597213
0.426,-5.279589187,-1.786611277,-0.912106268,-0.343348001,-0.002292121,-0.135730984,-0.106952508,-0.056650784,-0.024999411,-0.04987573,-0.072541503,-0.017822105,-0.039892215,-0.019996014,-0.039631752
0.430,-5.191099007,-1.682402139,-0.897120832,-0.307163376,0.000170989,-0.118259066,-0.102018175,-0.051861046,-0.024618706,-0.048939169,-0.066326595,-0.014146683,-0.038415517,-0.012500577,-0.036657627
0.434,-2.905836981,-1.603164568,-0.839887568,-0.28806049,0.005949982,-0.103079317,-0.097902474,-0.051175966,-0.024185005,-0.038607524,-0.054241424,-0.014087413,-0.037587606,-0.012281678,-0.031642518
0.438,-2.343115188,-1.474818864,-0.806896494,-0.287887648,0.008090041,-0.089809503,-0.095321499,-0.04340634,-0.024157933,-0.037065362,-0.05003003,-0.013885932,-0.034110313,-0.010805138,-0.028340236
0.443,-2.299723843,-1.452546568,-0.780699945,-0.267325054,0.008310958,-0.062671566,-0.092442416,-0.040069927,-0.023966772,-0.034205496,-0.045239085,-0.012014274,-0.033916732,-0.007288774,-0.025994554
0.447,-2.042419268,-1.27816282,-0.676122318,-0.264869304,0.009210488,-0.057591404,-0.092051385,-0.039884626,-0.020594278,-0.03254383,-0.044606376,-0.001639438,-0.028947039,-0.00012729,-0.02002356
0.451,-1.966030082,-1.263355791,-0.669575106,-0.257785681,0.013840651,-0.045151678,-0.087449011,-0.033601315,-0.017476484,-0.024785945,-0.043203468,-0.001491633,-0.024161446,0.003421867,-0.019726343
0.455,-1.942531252,-1.181554954,-0.622677351,-0.228122372,0.022430129,-0.041881422,-0.085282587,-0.030135384,-0.014126252,-0.022253398,-0.04153174,0.004059986,-0.02285782,0.004069383,-0.019177644
0.460,-1.915824757,-1.10528102,-0.61513846,-0.216398151,0.026699442,-0.025430945,-0.08391726,-0.026547659,-0.011373768,-0.016849946,-0.040917885,0.004281348,-0.020740136,0.008079826,-0.019032212
0.464,-1.795108382,-1.09827371,-0.580358989,-0.208674964,0.036879443,-0.017813967,-0.072916043,-0.023630932,-0.007684522,-0.015318802,-0.037583962,0.007113437,-0.018700762,0.009819806,-0.018987636
0.468,0.450712867,-1.040920354,-0.481326979,-0.176112065,0.043238684,-0.009318849,-0.069573511,-0.019007949,-0.001004953,-0.014936651,-0.036199376,0.009170141,-0.017424336,0.014097734,-0.017352314
0.472,0.554138571,-0.963652889,-0.427143675,-0.145576706,0.059254666,-0.00351764,-0.06634757,-0.016286434,0.003124322,-0.001778971,-0.033309316,0.009532102,-0.013480789,0.017075902,-0.014146182
0.477,0.714078146,-0.837756823,-0.392816319,-0.134089113,0.065362978,0.003182905,-0.033434431,-0.015854456,0.003792831,0.004288087,-0.032255765,0.009861368,-0.011332161,0.018220741,-0.01074825
0.481,0.999089489,-0.599082984,-0.381119769,-0.132648904,0.073163399,0.047629788,-0.025271923,-0.014394975,0.004285615,0.004865331,-0.024375699,0.010001295,-0.010557345,0.018658802,-0.009407242
0.485,1.25308319,-0.58448435,-0.362109879,-0.120296743,0.073629422,0.057031566,-0.013337971,-0.003350897,0.004669866,0.005941046,-0.024210014,0.015289112,-0.006203283,0.019465143,-0.007785743
0.489,3.548339505,-0.568664994,-0.319655973,-0.112311261,0.076555029,0.058081673,-0.009491264,0.000356741,0.006295953,0.007054416,-0.023361945,0.019949977,-0.002905395,0.021111706,-0.005701449
0.494,3.741917008,-0.414229567,-0.227622887,-0.091515879,0.076839099,0.058727385,-0.006691555,0.003703521,0.006510063,0.009669637,-0.021906036,0.021193197,-0.00118487,0.023575343,-0.004642931
0.498,3.962614259,-0.392630628,-0.179820164,-0.071655224,0.080118416,0.063153249,-0.00083455,0.004571787,0.00991865,0.016220128,-0.014174456,0.023404842,0.000294496,0.024621575,-0.001777384
0.502,4.058013701,-0.386949547,-0.130727592,-0.063505131,0.081564957,0.0685892,0.001872359,0.008319875,0.012576322,0.017701524,-0.012883365,0.023623496,0.002012763,0.026549757,0.001412526
0.506,4.41318184,-0.386621529,-0.107325755,-0.060197984,0.0868503,0.082925496,0.004489479,0.010594208,0.013610049,0.020099409,-0.011971347,0.024711253,0.002246655,0.026938514,0.003194702
0.511,4.730698385,-0.33202816,-0.098960819,-0.056225864,0.086960798,0.09414222,0.013716176,0.016177038,0.016245569,0.023734691,-0.011408003,0.025723082,0.003100479,0.027876317,0.004134924
0.515,5.039980046,-0.271278345,-0.097443149,-0.054061346,0.099073493,0.094388383,0.020543033,0.016769798,0.019372423,0.024842529,-0.009148668,0.026002177,0.005594194,0.030342408,0.008840552
0.519,5.63705212,-0.162510295,-0.055845169,-0.047411013,0.101242163,0.103045336,0.020630636,0.031754856,0.019378048,0.025716807,-0.001613907,0.031294373,0.005919149,0.031504894,0.013740552
0.523,7.126416823,-0.084454871,-0.04923492,-0.042669597,0.106686495,0.109748165,0.023052355,0.033672024,0.025090202,0.028827725,0.000876313,0.031462781,0.007744938,0.031998237,0.014427578
0.528,7.335518508,-0.029121945,-0.040764351,0.027479679,0.130084134,0.114456976,0.03617321,0.044663834,0.028991511,0.028941332,0.004111101,0.032845065,0.009573548,0.033755683,0.015830457
0.532,7.340611274,0.018673174,0.00393902,0.034558362,0.131950388,0.114647991,0.038244552,0.057412266,0.043825661,0.033164894,0.012174026,0.036170954,0.011454132,0.03504985,0.016903894
0.536,7.51520671,0.075468098,0.122006564,0.056846812,0.155904987,0.117343268,0.044772705,0.057436309,0.044401353,0.035998352,0.012442516,0.037368965,0.013209137,0.035259058,0.01718182
0.540,7.624587372,0.153879989,0.132901486,0.071104663,0.1604814,0.124964906,0.064300248,0.058915725,0.045484107,0.038056022,0.012949927,0.038809038,0.013623826,0.038418401,0.017201304
0.545,8.050055637,0.324067504,0.29781423,0.079221683,0.164210973,0.126764505,0.076363559,0.061421298,0.049923085,0.043009952,0.013879583,0.038896202,0.015622112,0.039105343,0.01824031
0.549,10.19942816,0.334669927,0.353926558,0.098346242,0.164417333,0.129911925,0.07843567,0.064629075,0.049989142,0.044606399,0.014306603,0.041291636,0.016679118,0.039295477,0.018659515
0.553,10.77325351,0.485358895,0.403887876,0.111958973,0.182392491,0.134003589,0.081982438,0.066707555,0.051829778,0.048777368,0.016204107,0.048724252,0.018702203,0.041948165,0.019828441
0.557,10.79491835,0.604774722,0.404038629,0.130068612,0.207660994,0.140947789,0.084926861,0.069926193,0.054897426,0.049848281,0.020139593,0.051227369,0.022402797,0.04487499,0.021228905
0.562,10.81502073,0.613494282,0.422985004,0.144193216,0.209977161,0.141250033,0.088680647,0.075708904,0.054995775,0.051228532,0.023614296,0.0512363,0.0228132,0.045311594,0.022540611
0.566,11.07048564,0.664772547,0.449433758,0.17907675,0.212862051,0.143382553,0.091375748,0.079158544,0.055498019,0.051759842,0.025180223,0.051865731,0.026983014,0.046397435,0.024844796
0.570,11.18884219,0.666256386,0.486961714,0.181719342,0.21565479,0.155386138,0.093308795,0.080889521,0.056238605,0.052790359,0.026050059,0.051936163,0.027473238,0.052228972,0.028934734
0.574,13.12830729,0.786295584,0.547965879,0.249885579,0.217511776,0.15758671,0.098266577,0.082484563,0.057548908,0.053762031,0.028794875,0.052107536,0.030782003,0.053787193,0.030704527
0.579,13.3221791,0.833397179,0.578935169,0.26551469,0.220371796,0.158954753,0.103621041,0.08930963,0.061320596,0.057739668,0.031907941,0.052692542,0.03160999,0.054451412,0.032734817
0.583,13.66549068,0.869204726,0.591053068,0.290552274,0.225704619,0.160694183,0.115201642,0.096255709,0.063952922,0.058607971,0.037128638,0.055520559,0.032650603,0.054612905,0.034845842
0.587,14.51311408,0.928892137,0.65165635,0.3373798,0.244230606,0.168333212,0.115353409,0.1018931,0.064396628,0.06074574,0.037712018,0.057369057,0.035447495,0.056716044,0.036710614
0.591,14.95466333,1.03560695,0.703571113,0.339183405,0.249789131,0.169504395,0.118731351,0.105725939,0.067123629,0.067235384,0.038637727,0.065161225,0.04270174,0.056943918,0.037216916
0.596,16.35339945,1.087075071,0.735154844,0.375146527,0.249951889,0.17027955,0.119386262,0.117550848,0.067221169,0.067985229,0.043421839,0.067060719,0.042974059,0.059804299,0.040164235
0.600,16.87724467,1.089590002,0.748604452,0.384910441,0.250513597,0.175184879,0.122763798,0.120574145,0.067357607,0.072879991,0.04521967,0.067681241,0.061031067,0.060069939,0.042542939
0.604,17.12281693,1.153004137,0.796427135,0.392522611,0.255599716,0.176254267,0.125852946,0.121070176,0.068170147,0.082953914,0.048057952,0.067783098,0.062746059,0.066435833,0.04562215
0.609,17.13939314,1.217347905,0.812616408,0.392696163,0.266363579,0.182911313,0.134391384,0.123776595,0.078286254,0.085783024,0.048330925,0.074485434,0.068229703,0.06941023,0.050736985
0.613,17.28324227,1.239363542,0.834546788,0.411405074,0.269167894,0.188780722,0.141803269,0.12466337,0.079923895,0.08700932,0.048384452,0.083939555,0.070489734,0.07193453,0.052083601
0.617,17.3311095,1.247851575,0.851049168,0.416994255,0.277057175,0.200402073,0.142660024,0.126154714,0.0800582,0.098415309,0.04886111,0.083966316,0.07448743,0.072008123,0.055154562
0.621,17.52385075,1.252019653,0.88032149,0.422123177,0.277974586,0.217660824,0.148826776,0.130703443,0.081494149,0.099327172,0.04907375,0.084317473,0.075543092,0.078997672,0.055853032
0.626,17.59519229,1.349372597,0.944576674,0.422795509,0.281391355,0.226040986,0.163656583,0.133681203,0.081787206,0.100312102,0.050388711,0.085864367,0.079073202,0.08032144,0.058804355
0.630,17.64844917,1.462680773,0.97082828,0.424644396,0.285108576,0.226144388,0.165531468,0.135891385,0.081897768,0.107939876,0.050800482,0.087242158,0.079094322,0.080928281,0.059026139
0.634,18.31258692,1.553042738,0.978997835,0.463805881,0.290227812,0.233347585,0.184030794,0.139917616,0.086959456,0.112463299,0.052272778,0.087905688,0.079762758,0.08365407,0.059608229
0.638,19.61603868,1.584331105,1.037301129,0.48482609,0.291877641,0.240259322,0.191794927,0.141131432,0.091857393,0.115710996,0.052483179,0.092065586,0.081731343,0.087283985,0.061512993
0.643,19.7528335,1.6120589,1.119826339,0.497186789,0.294374092,0.254415491,0.197901919,0.142520305,0.092017891,0.118690305,0.052901494,0.092539139,0.084160101,0.090398217,0.063222809
0.647,20.05966283,1.663874189,1.133343154,0.506747708,0.297136127,0.256560081,0.198163496,0.147627731,0.107813951,0.120662402,0.055132261,0.096752486,0.084868616,0.090654686,0.063831755
0.651,20.3280624,1.786619584,1.248332376,0.516392877,0.30471746,0.256986954,0.218757394,0.149973688,0.108824169,0.12716166,0.05994086,0.096927304,0.085438327,0.094728401,0.074611592
0.655,20.60705237,1.787550382,1.248387934,0.523218109,0.326472741,0.26335636,0.220952642,0.150111753,0.108871907,0.128774272,0.061422306,0.098241466,0.086221927,0.095427763,0.08021401
0.660,20.8497468,1.860339991,1.250556755,0.527422646,0.329825094,0.264608803,0.228086359,0.160956195,0.111442821,0.129930216,0.066791475,0.101578126,0.088382353,0.099698951,0.081487014
0.664,20.96308417,1.886373633,1.291146927,0.536898991,0.330249866,0.265623813,0.243805017,0.164100085,0.111950075,0.131091886,0.074267751,0.103566118,0.096231888,0.099919547,0.083258055
0.668,20.98160924,1.922700821,1.319164777,0.55626036,0.331391949,0.28233869,0.245660816,0.168825464,0.115727254,0.131516822,0.074623876,0.110282326,0.103298371,0.101484301,0.083982734
0.672,21.04419071,1.989985272,1.320176343,0.565162679,0.332615955,0.28548315,0.246161594,0.176532228,0.121718185,0.137067081,0.076864445,0.115478562,0.104524911,0.104390968,0.085098894
0.677,21.13553402,2.032881677,1.359097914,0.565187251,0.33406753,0.286049851,0.252782974,0.180222749,0.121729618,0.14155181,0.077884342,0.116291056,0.113310475,0.111279188,0.085203989
0.681,21.35643456,2.0709704,1.431516835,0.566455165,0.33517007,0.286570057,0.262012747,0.181047347,0.139529943,0.14346921,0.078280121,0.116818227,0.115154944,0.111791613,0.092608213
0.685,22.71827019,2.131525942,1.443687835,0.594471545,0.337693762,0.292438571,0.265916393,0.18142313,0.142956263,0.144975778,0.081050885,0.118521424,0.11710892,0.113762488,0.093150856
0.689,23.28631345,2.358151477,1.464690167,0.594543242,0.346561362,0.311278546,0.271184241,0.181485158,0.145949551,0.146870407,0.081109402,0.120842416,0.119768207,0.114709392,0.094378654
0.694,23.35864073,2.438419237,1.555569973,0.60009569,0.370747896,0.32071932,0.276604776,0.185443969,0.147901559,0.148942071,0.083134147,0.121381991,0.127771695,0.116246671,0.095129586
0.698,23.47882915,2.571382718,1.557696768,0.611446911,0.381471253,0.339379027,0.277988298,0.187792577,0.155400625,0.152418978,0.086070271,0.124048589,0.127859902,0.117142659,0.096034941
0.702,23.48881439,2.671781731,1.558831504,0.628656517,0.386381762,0.34285064,0.281820858,0.196139997,0.15896476,0.165352223,0.089480719,0.124547589,0.128120532,0.118019164,0.09892276
0.706,23.55812021,2.924583592,1.674010292,0.638969731,0.386755098,0.397863074,0.28193793,0.221815919,0.159737872,0.166710187,0.091007684,0.126475364,0.130127386,0.11867453,0.102025131
0.711,23.88270531,2.93276801,1.681647535,0.639810826,0.387121263,0.403569413,0.282782186,0.224613871,0.163237969,0.169863652,0.112500267,0.130178217,0.13616128,0.124841029,0.10427707
0.715,24.30669096,3.158808805,1.69453054,0.694986347,0.387631377,0.407522737,0.284721294,0.232108454,0.163635186,0.174975262,0.117664338,0.133651105,0.139572022,0.126438555,0.107888832
0.719,24.67784774,3.239605098,1.791014199,0.719536887,0.388971829,0.437141201,0.288867776,0.235662898,0.166070658,0.178638644,0.127806436,0.133673179,0.146501866,0.128585378,0.112242329
0.723,25.95831322,3.268648743,1.910797671,0.733195512,0.395896367,0.439217933,0.289436499,0.241076846,0.167224536,0.183270207,0.132526067,0.133905731,0.148001528,0.129436671,0.112372827
0.728,26.08973716,3.296950913,1.987987463,0.758589356,0.395917752,0.440148443,0.292954081,0.244243035,0.170482972,0.194484209,0.133526968,0.14034158,0.149593305,0.130088927,0.11431041
0.732,26.31866272,3.362345096,2.003271106,0.767294894,0.411577542,0.455330418,0.293377334,0.254991574,0.180014428,0.197181189,0.135683815,0.140530808,0.152358294,0.132734541,0.118660706
0.736,26.6268512,3.477869488,2.018883138,0.769508537,0.414159226,0.456004762,0.297038001,0.255182127,0.180993977,0.198525453,0.136778064,0.141163096,0.152461504,0.13592906,0.120283334
0.740,26.94006684,3.51958392,2.020679219,0.773836119,0.429870409,0.456274804,0.297301615,0.263178084,0.183287073,0.204479416,0.137217456,0.143320605,0.153246134,0.137531922,0.120659584
0.745,27.08418399,3.541699396,2.14208349,0.773937718,0.439576185,0.457946233,0.309533851,0.267943798,0.18414481,0.20496439,0.140998274,0.148997717,0.15774151,0.141338001,0.124247344
0.749,27.38395694,3.712560487,2.165056898,0.78345467,0.455058553,0.507875771,0.312769775,0.272209795,0.191741741,0.215644887,0.142389195,0.149953455,0.161634168,0.144223419,0.124341517
0.753,29.34629478,3.893029178,2.21470651,0.785615041,0.456911913,0.510566706,0.335184021,0.282933336,0.197642531,0.22046034,0.149900963,0.153961411,0.163368029,0.147676738,0.131175544
0.757,29.63189276,3.985089557,2.29292063,0.801111145,0.489716729,0.52707599,0.342571214,0.313463008,0.205131186,0.220721871,0.151810686,0.156542347,0.163636633,0.149343293,0.131472231
0.762,29.68394185,4.239850997,2.310455096,0.801950952,0.490755689,0.531619009,0.348563556,0.317930289,0.219221894,0.221266241,0.1530436,0.159019814,0.163863311,0.152787442,0.144337023
0.766,29.73438329,4.546005265,2.386044095,0.830056065,0.490930394,0.534801604,0.352625332,0.323556077,0.221733085,0.228664412,0.153725649,0.160545441,0.165178469,0.156097743,0.144842733
0.770,31.19719597,4.780153786,2.392691141,0.844774537,0.503789964,0.541789146,0.353324747,0.32362334,0.238404041,0.229617898,0.157368318,0.166297091,0.166420826,0.158126688,0.146075321
0.774,31.45694119,5.017019126,2.439201524,0.891078268,0.505058787,0.541794154,0.360438832,0.32498365,0.24439988,0.231047578,0.165881966,0.168000564,0.166661048,0.158951107,0.148130302
0.779,32.03357089,5.2210382,2.483008031,0.897382299,0.513091739,0.542933337,0.361657034,0.332565887,0.247152105,0.232238421,0.169211394,0.17187144,0.171467604,0.16309957,0.149209937
0.783,32.31507591,5.37103272,2.497253614,0.901720229,0.515250891,0.550154709,0.372032198,0.334995042,0.257167879,0.23489891,0.170029239,0.174822377,0.171544389,0.165524996,0.150759789
0.787,32.76585004,5.638696173,2.541114367,0.912942826,0.517297094,0.563480827,0.372932531,0.351830592,0.258938805,0.236179741,0.183473144,0.177648661,0.173021585,0.167907808,0.152635956
0.791,33.22624511,5.652189179,2.604953902,0.934062861,0.51757127,0.586694471,0.377992507,0.357865861,0.261259351,0.238733441,0.185337759,0.177966558,0.173227908,0.168288238,0.153757552
0.796,33.34153412,5.663538976,2.641109826,0.960524757,0.521430207,0.594240684,0.394407294,0.375863489,0.264766271,0.242035301,0.200594151,0.179281505,0.173681643,0.173134659,0.155298497
0.800,33.73001228,5.713695247,2.67972162,1.015117489,0.554067784,0.595691156,0.405634949,0.382171062,0.266465754,0.247128617,0.206661258,0.183451216,0.174374039,0.174275586,0.155512483
0.804,34.06140931,5.747069161,2.714985625,1.018846632,0.566806268,0.596771615,0.432977253,0.382451839,0.272890095,0.252705709,0.207880107,0.185949783,0.174940279,0.175059137,0.15606795
0.809,36.06497558,5.927828177,2.807529061,1.027477384,0.587022685,0.599846071,0.438287499,0.385752223,0.2741868,0.266370838,0.20869774,0.186890661,0.176834812,0.178889178,0.161119661
0.813,36.12911947,6.235839645,2.898447809,1.08197458,0.593205455,0.601580516,0.452582475,0.394269242,0.279518029,0.289153101,0.212518018,0.187019298,0.182827794,0.179127231,0.164301148
0.817,36.34243489,6.449061508,2.980164085,1.15875679,0.61887122,0.605565775,0.458989917,0.394552479,0.281098846,0.292685987,0.218742768,0.195744482,0.183899201,0.179804445,0.164721148
0.821,36.44804936,6.488786119,3.014441915,1.201447728,0.631037459,0.617824748,0.462334882,0.403772148,0.28333859,0.295751231,0.219261862,0.199918314,0.185313843,0.19164188,0.167458339
0.826,36.96228371,6.693295044,3.053234649,1.252823213,0.641137994,0.622518459,0.487214153,0.40391053,0.283341484,0.296132271,0.220437763,0.206421097,0.187413008,0.193809389,0.172901958
0.830,37.28282225,6.697862412,3.092301607,1.337705307,0.651946988,0.62864093,0.499079174,0.408411892,0.286141395,0.312747515,0.225913218,0.208045965,0.187595336,0.19408388,0.174342273
0.834,38.42670127,7.194739115,3.154897697,1.392640621,0.652606427,0.637311389,0.502065424,0.419550442,0.287291152,0.31356491,0.23026672,0.212428231,0.189983281,0.197872255,0.174649612
0.838,39.21941636,7.270467576,3.156653171,1.409884584,0.665742767,0.703779473,0.50246043,0.42894387,0.290480554,0.330244849,0.232373905,0.214470806,0.190952735,0.198779105,0.177869735
0.843,39.4032564,7.391427517,3.206869932,1.410429535,0.669876783,0.714739168,0.50682712,0.430881418,0.300257407,0.334655556,0.233262141,0.233461739,0.195307271,0.200054073,0.181644375
0.847,40.38970278,7.469551876,3.302796677,1.415804227,0.676674894,0.715357605,0.510299178,0.439609806,0.312138398,0.336994063,0.238082175,0.239636681,0.198438362,0.200775183,0.183498992
0.851,42.35926533,7.573615715,3.364187578,1.487798442,0.677302928,0.728284907,0.523952176,0.479179288,0.321450587,0.347657631,0.243402586,0.246839698,0.198996322,0.209384182,0.184471578
0.855,42.5924209,7.596805395,3.432315385,1.491312771,0.680949718,0.756370111,0.541033918,0.506675778,0.322429992,0.349491345,0.256129058,0.249274478,0.199464548,0.212497857,0.185011214
0.860,42.7307144,7.771207402,3.480586514,1.49839836,0.688578525,0.759999085,0.557980478,0.508915446,0.336082278,0.354524649,0.259911468,0.255548191,0.20342721,0.212500112,0.185540572
0.864,43.11357144,7.867269701,3.487646872,1.50774436,0.692982994,0.796119002,0.562412719,0.512797941,0.343568174,0.356104827,0.267304863,0.2610999,0.209375343,0.214960875,0.191379022
0.868,43.15374484,8.027961744,3.636808343,1.528687585,0.700868711,0.801915635,0.57376493,0.519062129,0.350150552,0.360961745,0.27169824,0.27166489,0.214681898,0.217262189,0.194973003
0.872,43.41297677,8.030572715,3.660944568,1.59145497,0.720469498,0.803078092,0.586160577,0.521781904,0.358068742,0.366678993,0.278695029,0.271998949,0.222899369,0.21847276,0.194994928
0.877,46.73177504,8.956359227,3.681714839,1.617050021,0.752901323,0.810661097,0.597492273,0.537633507,0.366877909,0.367221136,0.291849795,0.274756345,0.225465917,0.231930196,0.198195041
0.881,48.26051259,8.977007153,3.959086618,1.62329282,0.756828284,0.834751282,0.599888235,0.540784949,0.367406476,0.367331655,0.302874098,0.27624116,0.234321235,0.232970899,0.201642551
0.885,49.14373263,9.108436722,4.069029475,1.657807796,0.776989107,0.841513214,0.615301252,0.569975624,0.372197643,0.37413161,0.304139779,0.279706856,0.236259059,0.234008701,0.201993443
0.889,49.50545469,9.283943426,4.192240992,1.69959587,0.803329245,0.859606808,0.624452228,0.571124481,0.377362398,0.378254416,0.305649313,0.281085384,0.236705161,0.23414133,0.205161844
0.894,50.20019976,9.300025296,4.230727672,1.717313398,0.809384926,0.864242228,0.634656276,0.575136834,0.382853245,0.378946924,0.307527721,0.281631768,0.242927737,0.236274514,0.207620619
0.898,51.96110189,9.418410568,4.360061287,1.755522515,0.834564952,0.866456676,0.656656164,0.580238569,0.383675836,0.383792058,0.312211406,0.283684125,0.249247415,0.249281001,0.222730891
0.902,52.27432131,9.627598012,4.500198971,1.867865355,0.841634375,0.87334713,0.67035697,0.58782332,0.383866687,0.387575518,0.317592396,0.29321397,0.252742315,0.255644159,0.223271065
0.906,52.42201474,9.70436024,4.511590277,1.868306119,0.843474197,0.882297197,0.679380049,0.608296984,0.387195735,0.390515955,0.32585233,0.296419348,0.260802939,0.262396603,0.226279892
0.911,55.10045689,9.803936049,4.543733013,1.886006738,0.856079195,0.908782222,0.680439246,0.614538663,0.388953689,0.399633944,0.347769137,0.301891689,0.268666838,0.264654229,0.230945302
0.915,55.13825832,9.89167604,4.729878089,1.886148557,0.89998821,0.910027555,0.684502343,0.632053194,0.396085161,0.400420992,0.353199365,0.322577025,0.275233088,0.264683546,0.236580764
0.919,56.37308317,10.07531516,4.849568873,1.911434178,0.934025554,0.915928213,0.722649996,0.634637733,0.416463922,0.406685831,0.399785714,0.327694541,0.296201805,0.267481084,0.241955455
0.923,57.3716907,10.1206558,4.945656106,1.926050247,0.972422909,0.919120478,0.723245591,0.63673432,0.418672163,0.416760932,0.40087011,0.333770704,0.305340174,0.270530199,0.245965897
0.928,58.20775959,10.53386305,4.993261113,1.932153596,0.995862011,0.920635989,0.76391879,0.656049192,0.428737752,0.418086099,0.416303834,0.346598977,0.314329042,0.270750045,0.259574757
0.932,58.87013191,10.66897414,5.022710613,1.953358858,1.020967444,0.945995369,0.765165569,0.658926591,0.432936226,0.430476492,0.434223195,0.348820327,0.315071756,0.271716708,0.277000905
0.936,58.90215244,10.81007991,5.063652691,2.000276514,1.030892552,0.953581578,0.777847638,0.659191581,0.433219968,0.430636693,0.446129939,0.359981226,0.320003431,0.291738329,0.278783334
0.940,60.88944685,11.00829394,5.070108058,2.059343731,1.039435613,0.956454943,0.781544552,0.669904904,0.436436716,0.459576802,0.452832046,0.370339279,0.324808475,0.29232125,0.279412788
0.945,61.59947561,11.15207751,5.076614456,2.081507004,1.06452672,0.964177382,0.809826216,0.685077005,0.476225364,0.461108166,0.474126316,0.372449482,0.325351538,0.293776728,0.280388331
0.949,61.71040345,11.66907982,5.102839491,2.173286127,1.100932654,0.973812429,0.832662198,0.686384911,0.476654948,0.463015859,0.47529585,0.373236392,0.326201253,0.306802951,0.28178183
0.953,64.67956178,12.06892239,5.103637157,2.234271975,1.101849371,0.992892042,0.837153158,0.721287266,0.499524927,0.476944231,0.485071101,0.378043497,0.330829638,0.315075378,0.287763642
0.957,64.85582336,13.05742983,5.147591461,2.298924735,1.12971141,0.993723597,0.899783154,0.731542072,0.536407523,0.49387165,0.518892291,0.38330484,0.332306739,0.3180033,0.288335222
0.962,64.92322754,13.45572105,5.162834135,2.404412536,1.151960943,1.021548326,0.940332804,0.740695687,0.553764143,0.515935824,0.534493363,0.395822298,0.356416355,0.329821871,0.296845716
0.966,65.13002145,13.50085993,5.294094611,2.620784121,1.180354703,1.124762475,1.072521618,0.760694446,0.587399992,0.524874277,0.547276315,0.418420726,0.372359182,0.3358037,0.301344304
0.970,68.41697967,13.54874516,5.529729223,2.717007644,1.189311287,1.306968334,1.088504978,0.838024667,0.670756039,0.627115115,0.548209362,0.422868493,0.38494851,0.35870935,0.305746957
0.974,68.44525973,14.26102069,5.99810709,2.784195659,1.248257078,1.309307463,1.142385446,0.846955167,0.728454241,0.657609849,0.571747498,0.440610268,0.389897006,0.374296396,0.315089002
0.979,71.15817561,14.42236195,6.052014859,2.810686935,1.283551998,1.344233647,1.176396357,0.857540442,0.818982776,0.663987195,0.613838481,0.442400231,0.430846685,0.39532836,0.327175028
0.983,75.02813863,15.19405386,7.275348094,2.880093231,1.336157323,1.440892338,1.248459371,0.863115286,0.847081278,0.674278427,0.641597124,0.461310687,0.462154259,0.409145683,0.342003096
0.987,87.73678262,16.30236164,7.335641661,3.425687885,1.519772648,1.456257354,1.291504982,0.902109304,0.886061392,0.696609667,0.750826574,0.484607493,0.471895326,0.424609524,0.347637575
0.991,91.16477104,18.09064772,7.983802326,4.058121925,1.711928778,1.502229504,1.31598781,0.932351432,0.89732308,0.745788617,0.79900826,0.500377922,0.503235017,0.426573595,0.430393658
0.996,93.95415732,18.56532684,7.996059217,4.284338629,2.265257082,1.547120165,1.732567166,1.095442022,1.090769686,0.936081981,1.04176263,0.587499809,0.535660965,0.445753754,0.51411707
1.000,99.54971905,19.64902632,9.089333055,4.313549869,3.951865542,2.160875252,2.097653314,1.143494586,1.156995127,1.083889493,1.052128664,0.593171544,0.624184986,0.47282566,0.691114104
