0.45063,0.45747,0.463374,0.4679,0.471659,0.474579,0.477086,0.47931,0.481304,0.483109,0.485019,0.48701,0.489216,0.491309,0.493093,0.494585,0.49571,0.497119,0.498182,0.49888,0.499031,0.499179,0.498344,0.496931,0.495075,0.492339,0.488337,0.483151,0.47575,0.466143
0.44765,0.455177,0.461222,0.466296,0.469853,0.472866,0.475288,0.477695,0.479683,0.481517,0.483312,0.485315,0.487434,0.489615,0.491409,0.492845,0.494151,0.495345,0.496361,0.496962,0.497341,0.497115,0.496269,0.494948,0.492752,0.489699,0.485842,0.479966,0.471966,0.461352
0.444214,0.452501,0.458953,0.463969,0.468197,0.47109,0.473406,0.475966,0.477972,0.479841,0.481705,0.483632,0.485551,0.487611,0.48971,0.491167,0.492427,0.493319,0.494257,0.494811,0.495058,0.494813,0.49392,0.492425,0.49018,0.486981,0.482761,0.476477,0.467854,0.45658
0.440863,0.44967,0.456556,0.46169,0.465735,0.469117,0.471309,0.474027,0.476296,0.478139,0.479958,0.481805,0.483704,0.485717,0.487694,0.489278,0.490549,0.491389,0.492089,0.492665,0.492766,0.492407,0.491319,0.489704,0.487195,0.483747,0.479028,0.472577,0.463458,0.451549
0.43743,0.446866,0.45404,0.459415,0.463547,0.466995,0.469553,0.472028,0.474453,0.476356,0.478129,0.480016,0.481828,0.483641,0.485671,0.487305,0.488579,0.489352,0.489872,0.490315,0.49033,0.489868,0.48858,0.486643,0.484019,0.480182,0.475013,0.468227,0.458604,0.446269
0.434075,0.444,0.451615,0.457276,0.461384,0.464746,0.467539,0.470061,0.472662,0.474452,0.476282,0.478068,0.479857,0.481537,0.483472,0.485356,0.486556,0.487255,0.487692,0.487892,0.487777,0.487214,0.485795,0.483676,0.480673,0.476743,0.471431,0.464124,0.45399,0.441074
0.430378,0.440879,0.449114,0.454877,0.459326,0.462696,0.465515,0.468042,0.470596,0.472554,0.474292,0.47617,0.477786,0.479396,0.481283,0.483013,0.484243,0.485184,0.485548,0.485479,0.485129,0.484168,0.482767,0.480439,0.477346,0.473175,0.46753,0.459778,0.449082,0.435798
0.426952,0.437752,0.446385,0.452581,0.457135,0.460537,0.46343,0.466037,0.46841,0.470544,0.472321,0.47416,0.475825,0.477392,0.479117,0.480791,0.482036,0.482707,0.483091,0.482796,0.482355,0.481332,0.479739,0.477262,0.473977,0.469542,0.463679,0.455467,0.444159,0.430568
0.423588,0.434864,0.443826,0.450335,0.455084,0.458585,0.46139,0.463833,0.466308,0.468639,0.470318,0.472092,0.473736,0.475335,0.476892,0.478306,0.479473,0.48013,0.480431,0.480064,0.479478,0.478434,0.476628,0.474072,0.470729,0.465781,0.459585,0.451153,0.439417,0.425411
0.420348,0.431909,0.441205,0.448082,0.453017,0.456733,0.459558,0.46198,0.464425,0.46676,0.468607,0.470146,0.471588,0.473189,0.474555,0.475816,0.477042,0.477727,0.477885,0.477489,0.476761,0.475541,0.473669,0.470959,0.467258,0.46218,0.455633,0.446962,0.434966,0.420616
0.417383,0.429026,0.438393,0.445662,0.450856,0.454659,0.457628,0.460104,0.462411,0.464646,0.466716,0.468207,0.469542,0.470915,0.472183,0.473361,0.474515,0.47517,0.475236,0.474828,0.473879,0.472491,0.470452,0.467718,0.463789,0.458622,0.451989,0.44287,0.430597,0.415793
0.414222,0.426093,0.435839,0.443194,0.448728,0.452669,0.455769,0.458281,0.46036,0.462617,0.464719,0.466317,0.467596,0.468845,0.470002,0.471103,0.472015,0.472588,0.472656,0.47217,0.470981,0.469408,0.467331,0.464305,0.460508,0.455242,0.448225,0.438878,0.426247,0.411021
0.411189,0.42357,0.433357,0.440769,0.446526,0.450692,0.453925,0.456506,0.458594,0.460499,0.462567,0.464359,0.465702,0.466769,0.467896,0.468888,0.469628,0.470133,0.470067,0.469513,0.468321,0.466584,0.464265,0.461162,0.45729,0.451889,0.444534,0.434866,0.421953,0.406656
0.407938,0.420817,0.430931,0.438509,0.444425,0.448855,0.452219,0.454782,0.456965,0.458768,0.460624,0.462447,0.463912,0.46487,0.465834,0.466683,0.467308,0.46769,0.467473,0.466955,0.465796,0.463883,0.461391,0.45812,0.453952,0.448467,0.440964,0.431016,0.418133,0.402575
0.405105,0.417783,0.42864,0.436348,0.442453,0.446917,0.450555,0.45326,0.455387,0.457107,0.458924,0.460598,0.461981,0.462966,0.463783,0.464546,0.465049,0.465313,0.465023,0.464377,0.463108,0.461219,0.458613,0.455185,0.450796,0.445079,0.437487,0.427576,0.414153,0.398525
0.402637,0.415253,0.426083,0.434482,0.440661,0.445395,0.448867,0.451556,0.453743,0.455501,0.457022,0.458622,0.460054,0.461107,0.461858,0.462506,0.462915,0.463059,0.462697,0.461942,0.460569,0.45859,0.455974,0.452376,0.447714,0.441841,0.43411,0.423925,0.410478,0.394504
0.399785,0.412779,0.423553,0.432089,0.4385,0.443365,0.447061,0.449927,0.452187,0.45392,0.455363,0.456766,0.458115,0.45914,0.459903,0.460533,0.460779,0.460797,0.460307,0.459454,0.457971,0.45596,0.453166,0.44947,0.44466,0.438635,0.430804,0.420561,0.406989,0.390563
0.397396,0.410428,0.421476,0.429975,0.43648,0.441517,0.445381,0.44834,0.450605,0.452416,0.453872,0.455032,0.456178,0.457288,0.457928,0.458404,0.458655,0.458519,0.457944,0.456969,0.455421,0.453235,0.450412,0.446654,0.441711,0.435572,0.42769,0.417339,0.403741,0.386771
0.395032,0.408178,0.419288,0.427969,0.43467,0.43982,0.443736,0.446775,0.449061,0.450806,0.45226,0.453455,0.454473,0.455448,0.456072,0.456364,0.456575,0.456384,0.455721,0.454561,0.452909,0.450631,0.44757,0.443831,0.438869,0.432668,0.424627,0.414219,0.400196,0.383401
0.392733,0.406075,0.417254,0.426043,0.432956,0.438132,0.442155,0.445235,0.447702,0.4495,0.450855,0.451867,0.452812,0.453617,0.45417,0.4544,0.454487,0.454196,0.453434,0.45228,0.450526,0.448129,0.444944,0.440988,0.436066,0.429707,0.421641,0.410941,0.396962,0.379964
0.390668,0.404021,0.415339,0.42423,0.431201,0.436427,0.440569,0.44373,0.446283,0.448187,0.449589,0.450571,0.45126,0.451997,0.452506,0.452667,0.452521,0.452167,0.451252,0.449898,0.448112,0.445603,0.442408,0.438362,0.433296,0.426907,0.418736,0.407916,0.3938,0.376637
0.38865,0.402063,0.413476,0.422417,0.429497,0.434918,0.439057,0.442296,0.444789,0.446755,0.448232,0.44926,0.449917,0.450544,0.450915,0.451035,0.450838,0.450357,0.449345,0.447859,0.445988,0.44337,0.44015,0.436018,0.430834,0.424291,0.415923,0.405,0.390655,0.373765
0.386677,0.400178,0.411607,0.420777,0.427943,0.433392,0.437614,0.440896,0.443458,0.44538,0.446895,0.447911,0.448553,0.449007,0.449289,0.449337,0.449058,0.44848,0.44746,0.445955,0.444011,0.441322,0.437902,0.433676,0.428383,0.421656,0.413174,0.402221,0.387941,0.370973
0.384845,0.398464,0.409973,0.419218,0.426357,0.431906,0.436313,0.439586,0.44225,0.44416,0.445659,0.446698,0.447277,0.447611,0.44778,0.447676,0.447325,0.446688,0.445617,0.443992,0.441886,0.439214,0.435685,0.431357,0.426004,0.419292,0.410724,0.399695,0.38542,0.36836
0.382902,0.396617,0.40837,0.417628,0.424851,0.430394,0.434933,0.43831,0.440983,0.442913,0.444399,0.445527,0.446132,0.446426,0.446415,0.446226,0.445736,0.444932,0.443786,0.442102,0.439992,0.437245,0.433662,0.42928,0.423873,0.416937,0.408343,0.397287,0.382954,0.365807
0.381155,0.394944,0.406706,0.416128,0.423357,0.429041,0.433517,0.436987,0.439701,0.441707,0.443212,0.444293,0.444909,0.445211,0.445161,0.444801,0.444286,0.443334,0.442037,0.44031,0.438128,0.435263,0.431661,0.427249,0.42176,0.41473,0.405947,0.39485,0.38051,0.363522
0.37955,0.39327,0.405141,0.414655,0.421972,0.427718,0.43224,0.435864,0.438608,0.440587,0.442062,0.443144,0.44371,0.443932,0.44384,0.443479,0.442784,0.441728,0.440392,0.438524,0.436245,0.43333,0.429696,0.425191,0.419621,0.412584,0.403731,0.392715,0.378457,0.361351
0.378102,0.39181,0.403662,0.413107,0.420585,0.42643,0.431046,0.434727,0.437559,0.439506,0.441,0.442034,0.442642,0.442874,0.442663,0.44217,0.441394,0.440349,0.438833,0.436833,0.434413,0.431433,0.427706,0.423252,0.417607,0.410598,0.401781,0.390682,0.376283,0.35924
0.37642,0.390435,0.402256,0.411779,0.419285,0.42513,0.429772,0.433534,0.436413,0.438465,0.440038,0.441064,0.441627,0.441835,0.441569,0.441066,0.440191,0.439019,0.437389,0.435293,0.432763,0.429672,0.425995,0.421427,0.415743,0.408657,0.399735,0.388668,0.37402,0.357034
0.37506,0.388942,0.400909,0.410487,0.418027,0.423994,0.428644,0.432446,0.435283,0.43742,0.43898,0.439976,0.440551,0.440731,0.440512,0.439879,0.438942,0.437709,0.43602,0.433837,0.431229,0.428027,0.424303,0.419621,0.413888,0.406649,0.397757,0.386656,0.37207,0.354995
0.373713,0.387576,0.39958,0.4092,0.416953,0.422904,0.427614,0.431384,0.43429,0.436499,0.437988,0.438959,0.439518,0.439694,0.439365,0.438709,0.43769,0.436388,0.434721,0.432507,0.429701,0.426454,0.422618,0.417844,0.412076,0.404834,0.396003,0.384914,0.370223,0.353007
0.372504,0.386395,0.39836,0.40804,0.415724,0.421824,0.42658,0.430396,0.433352,0.435594,0.437113,0.438177,0.438655,0.438823,0.438492,0.437762,0.436683,0.43532,0.433534,0.431228,0.428358,0.425003,0.42107,0.416279,0.410486,0.403232,0.394307,0.383064,0.368336,0.35113
0.371249,0.385251,0.397255,0.406996,0.414761,0.420791,0.425556,0.429353,0.432352,0.434664,0.436224,0.437333,0.437842,0.437904,0.437556,0.436882,0.435691,0.434265,0.432377,0.430039,0.427091,0.423646,0.41967,0.414828,0.408875,0.401666,0.392655,0.381287,0.366525,0.349364
0.370067,0.384146,0.396164,0.405967,0.413727,0.419869,0.424665,0.428521,0.431466,0.433768,0.435351,0.436359,0.436941,0.436966,0.436604,0.435912,0.434694,0.433216,0.431294,0.428819,0.425848,0.422349,0.418238,0.4133,0.40725,0.399946,0.390952,0.379624,0.364847,0.347684
0.368941,0.383043,0.395032,0.404846,0.412747,0.418943,0.42381,0.42771,0.430684,0.432943,0.4346,0.435593,0.436164,0.436183,0.435826,0.435052,0.43388,0.43225,0.430228,0.427756,0.42474,0.421065,0.416963,0.411955,0.405837,0.398483,0.389436,0.378051,0.363298,0.345977
0.36802,0.382031,0.394067,0.403837,0.411715,0.41797,0.422979,0.42684,0.429827,0.432166,0.433825,0.434846,0.435416,0.435507,0.435084,0.434288,0.433061,0.431365,0.429325,0.426719,0.423666,0.419935,0.415708,0.410692,0.404525,0.397083,0.387995,0.376582,0.361817,0.344317
0.367014,0.381047,0.393079,0.402958,0.410874,0.417155,0.422109,0.426022,0.429046,0.431333,0.433065,0.434113,0.434675,0.434705,0.43432,0.433497,0.432193,0.430526,0.428353,0.425651,0.422575,0.418877,0.414491,0.409372,0.40325,0.395761,0.386471,0.374992,0.360153,0.342804
0.366257,0.38019,0.392283,0.402151,0.410094,0.416355,0.421328,0.425232,0.428287,0.430614,0.432303,0.433361,0.43387,0.43392,0.43351,0.432634,0.431338,0.429649,0.42743,0.424663,0.421511,0.417793,0.413394,0.408111,0.401982,0.394443,0.385154,0.373496,0.358751,0.341419
0.365357,0.379287,0.391452,0.401285,0.4093,0.415647,0.420643,0.424552,0.427626,0.430034,0.431699,0.432758,0.433252,0.43328,0.432808,0.431862,0.430555,0.428839,0.426606,0.423801,0.420556,0.416806,0.412362,0.407094,0.400821,0.393189,0.383867,0.372151,0.357405,0.340093
0.36462,0.37858,0.390699,0.400524,0.408535,0.414913,0.419954,0.423942,0.427076,0.429456,0.431119,0.432115,0.432702,0.432685,0.432221,0.43125,0.42986,0.428122,0.425809,0.42299,0.419734,0.415882,0.411417,0.406084,0.39976,0.392039,0.382659,0.371065,0.356192,0.338665
0.363947,0.377909,0.390004,0.399855,0.407803,0.414232,0.419258,0.423271,0.426469,0.428851,0.430489,0.431598,0.432136,0.432126,0.431639,0.430647,0.429267,0.427444,0.425118,0.42229,0.418906,0.415051,0.410526,0.405071,0.398648,0.390975,0.381468,0.369909,0.355024,0.337422
0.363229,0.377241,0.3893,0.39913,0.407195,0.413641,0.418657,0.422692,0.425853,0.428294,0.429954,0.431048,0.431576,0.431569,0.431129,0.430016,0.428589,0.426795,0.424417,0.421601,0.418123,0.414198,0.409634,0.404119,0.397631,0.389869,0.380424,0.368751,0.353796,0.336136
0.362573,0.376574,0.388695,0.39855,0.406598,0.413092,0.418176,0.422181,0.425346,0.427783,0.429452,0.430531,0.431119,0.431079,0.430528,0.429533,0.428066,0.426211,0.423746,0.420911,0.417434,0.413455,0.40878,0.403278,0.396764,0.388967,0.379483,0.367679,0.352729,0.334996
0.362132,0.376071,0.388155,0.398008,0.406086,0.412542,0.417665,0.421645,0.424869,0.427324,0.428994,0.430066,0.43059,0.430556,0.430049,0.429024,0.427571,0.425655,0.423188,0.420282,0.416808,0.412723,0.407973,0.402494,0.395917,0.388059,0.378502,0.366681,0.35176,0.333939
0.361647,0.375558,0.387683,0.397489,0.405527,0.411959,0.417109,0.421185,0.42442,0.426866,0.428586,0.429672,0.430132,0.43006,0.429538,0.428515,0.427055,0.425095,0.422651,0.419701,0.416218,0.412046,0.407244,0.401662,0.395018,0.387089,0.377528,0.365634,0.350647,0.332959
0.361315,0.375132,0.387227,0.397001,0.405024,0.411521,0.416677,0.420761,0.423956,0.426357,0.428133,0.429193,0.429625,0.429545,0.429018,0.42801,0.426545,0.424544,0.422071,0.419123,0.415561,0.411318,0.406484,0.400875,0.394252,0.386241,0.376699,0.364988,0.349802,0.332059
0.360953,0.374732,0.386769,0.396607,0.404629,0.411122,0.416309,0.420369,0.42358,0.425987,0.427736,0.428801,0.42924,0.429188,0.428664,0.42763,0.426076,0.424082,0.42156,0.418574,0.414955,0.410793,0.405909,0.400283,0.393609,0.385486,0.375968,0.364203,0.349032,0.331179
0.360617,0.374401,0.386365,0.396226,0.404271,0.410775,0.415969,0.420048,0.423244,0.425688,0.427429,0.428489,0.428971,0.428945,0.428369,0.427298,0.425717,0.42368,0.421137,0.418117,0.414537,0.410337,0.405411,0.399777,0.393004,0.384924,0.375218,0.363384,0.34821,0.330274
0.360416,0.374112,0.386007,0.395846,0.403858,0.410355,0.415542,0.419679,0.42289,0.425342,0.427069,0.428153,0.428667,0.428573,0.427943,0.426912,0.425336,0.423265,0.420723,0.417642,0.413993,0.40979,0.404855,0.399158,0.392337,0.384281,0.374473,0.362611,0.347434,0.329428
0.36018,0.373843,0.385731,0.395546,0.403553,0.410028,0.415249,0.41933,0.422565,0.425031,0.426731,0.427814,0.428378,0.42824,0.427624,0.426565,0.424978,0.422889,0.420273,0.417172,0.413505,0.40925,0.404353,0.398544,0.391777,0.383651,0.373833,0.36197,0.346763,0.32859
0.359979,0.373637,0.385524,0.395302,0.403373,0.409805,0.415017,0.419167,0.422347,0.424784,0.426534,0.427569,0.428086,0.42798,0.427344,0.426287,0.4247,0.422547,0.419915,0.41676,0.413107,0.40887,0.403933,0.398119,0.391271,0.383165,0.373312,0.361378,0.346113,0.327857
0.359721,0.373498,0.385399,0.395151,0.403132,0.409611,0.414839,0.418956,0.422143,0.424646,0.426377,0.427384,0.427848,0.427757,0.427122,0.426019,0.424448,0.422305,0.41961,0.416421,0.412762,0.40858,0.403576,0.397676,0.3908,0.382786,0.372873,0.360891,0.345603,0.327203
0.359726,0.373382,0.385291,0.394986,0.402955,0.409427,0.414656,0.418723,0.421967,0.424457,0.426236,0.427236,0.427638,0.427524,0.426946,0.425787,0.424179,0.422048,0.419338,0.41613,0.412476,0.408245,0.403198,0.397269,0.390365,0.382225,0.372297,0.36024,0.344958,0.326753
0.359622,0.373347,0.385119,0.394833,0.402804,0.409288,0.414483,0.418581,0.421797,0.424246,0.425976,0.427048,0.427484,0.427287,0.426727,0.425605,0.423917,0.421777,0.419072,0.415915,0.412132,0.407817,0.402796,0.396891,0.389927,0.381727,0.371919,0.359779,0.344316,0.326132
0.359611,0.373333,0.385124,0.3947,0.402628,0.409172,0.414346,0.41845,0.421626,0.42404,0.425802,0.426873,0.42729,0.427131,0.426619,0.425461,0.42373,0.42152,0.41886,0.41567,0.411864,0.407476,0.402384,0.396522,0.389565,0.381316,0.371456,0.359281,0.343935,0.325602
0.359648,0.373358,0.385133,0.394695,0.402612,0.409108,0.414287,0.418397,0.421606,0.424013,0.42577,0.426831,0.427217,0.427089,0.426509,0.425303,0.423578,0.421383,0.418684,0.415439,0.411644,0.407298,0.402178,0.396238,0.389307,0.381068,0.371154,0.358939,0.343595,0.325148
0.359733,0.373354,0.385171,0.394712,0.402542,0.409037,0.414222,0.41834,0.421533,0.423943,0.425651,0.426737,0.427162,0.42697,0.426357,0.425142,0.423398,0.421251,0.418541,0.415231,0.411428,0.407063,0.401985,0.396034,0.389086,0.380841,0.370837,0.358745,0.343303,0.32496
0.359816,0.373513,0.385173,0.394742,0.402539,0.409012,0.414184,0.418334,0.421538,0.423852,0.425543,0.426669,0.427095,0.426901,0.426196,0.424989,0.423272,0.421129,0.41839,0.415068,0.411214,0.406819,0.401687,0.395793,0.388749,0.380468,0.370555,0.358513,0.34308,0.324864
0.35995,0.373599,0.385269,0.394777,0.402548,0.409039,0.414221,0.418306,0.421529,0.423881,0.425524,0.426621,0.42709,0.426837,0.426103,0.424912,0.423182,0.420993,0.418264,0.414922,0.411093,0.406685,0.401515,0.395593,0.388541,0.380233,0.370389,0.358291,0.342898,0.324737
0.360122,0.373712,0.385416,0.394897,0.402658,0.409136,0.414338,0.418437,0.421576,0.423932,0.425578,0.426659,0.427067,0.426849,0.426101,0.424931,0.423168,0.420899,0.418157,0.414861,0.411035,0.406522,0.401378,0.395367,0.388325,0.380042,0.370044,0.358031,0.342513,0.324348
0.360498,0.374005,0.385652,0.395125,0.402897,0.409296,0.414498,0.418557,0.421724,0.424103,0.425711,0.426769,0.427149,0.426951,0.4262,0.425011,0.423251,0.420933,0.418188,0.414865,0.411001,0.406472,0.40128,0.395263,0.388176,0.379929,0.369923,0.357808,0.342319,0.324239
0.360851,0.374266,0.385871,0.395344,0.403164,0.4095,0.414612,0.418686,0.421872,0.42423,0.425814,0.426847,0.427197,0.42701,0.426308,0.425014,0.423276,0.421015,0.418224,0.41488,0.410971,0.406476,0.401239,0.395231,0.388178,0.379774,0.369775,0.357689,0.342213,0.324082
0.361204,0.374601,0.386236,0.395597,0.40333,0.409634,0.414785,0.418801,0.421975,0.42435,0.425927,0.426888,0.427296,0.427108,0.42636,0.425018,0.423261,0.421022,0.418261,0.41486,0.410977,0.406454,0.401221,0.395203,0.388072,0.379721,0.369705,0.357605,0.342079,0.324039
0.361561,0.374862,0.386457,0.395807,0.403476,0.409806,0.414951,0.41895,0.422105,0.424435,0.42603,0.427006,0.4274,0.427162,0.4264,0.425057,0.423302,0.420988,0.418197,0.414809,0.410889,0.40633,0.401175,0.395086,0.38797,0.379735,0.369728,0.357448,0.342166,0.324154
0.361977,0.375331,0.38675,0.396107,0.40375,0.410085,0.41522,0.419183,0.422307,0.424599,0.426205,0.427168,0.42757,0.427328,0.426533,0.425209,0.423418,0.421064,0.418267,0.414873,0.410923,0.40637,0.401112,0.395023,0.387877,0.379588,0.369638,0.3575,0.342163,0.324158
0.362374,0.375709,0.387142,0.396498,0.404109,0.410428,0.415513,0.419477,0.422597,0.424943,0.426508,0.427441,0.4278,0.427506,0.426727,0.425392,0.423574,0.421225,0.418363,0.415036,0.411038,0.406492,0.401169,0.395098,0.388022,0.379563,0.369578,0.357487,0.342116,0.324234
0.362799,0.376157,0.387568,0.396898,0.404503,0.410807,0.415832,0.419771,0.422886,0.425215,0.426786,0.427713,0.428057,0.427758,0.426912,0.425598,0.423724,0.421393,0.418521,0.415177,0.4112,0.406594,0.401263,0.395181,0.388066,0.379618,0.36966,0.3576,0.342154,0.324248
0.363202,0.376583,0.387987,0.397332,0.4049,0.411111,0.416125,0.420148,0.423212,0.425462,0.427018,0.427917,0.428287,0.427971,0.427112,0.425776,0.423903,0.421558,0.418707,0.415296,0.411335,0.406736,0.401412,0.395324,0.388129,0.379715,0.369667,0.357627,0.342246,0.324368
0.363816,0.377103,0.388493,0.397767,0.405241,0.411466,0.416507,0.420485,0.42355,0.425767,0.427264,0.428144,0.428531,0.428161,0.427342,0.426001,0.424075,0.421753,0.418843,0.415441,0.411424,0.406862,0.401532,0.395452,0.388219,0.379863,0.369759,0.357702,0.342327,0.324653
0.36439,0.377631,0.388955,0.398224,0.405651,0.411889,0.416905,0.420837,0.423921,0.426169,0.427647,0.428549,0.428873,0.428572,0.427683,0.426337,0.424349,0.421972,0.419069,0.415588,0.411617,0.407072,0.401689,0.395509,0.388303,0.379983,0.369988,0.357702,0.342405,0.324825
0.365002,0.378229,0.389569,0.398753,0.406149,0.412339,0.417378,0.421343,0.424366,0.426565,0.428063,0.428939,0.42922,0.428932,0.428019,0.426601,0.424667,0.422282,0.419337,0.415904,0.411987,0.407331,0.401904,0.395712,0.388439,0.380006,0.370032,0.357806,0.342549,0.324944
0.365578,0.378858,0.390217,0.399325,0.406641,0.412871,0.417892,0.4218,0.424778,0.426958,0.428436,0.429277,0.429548,0.429225,0.428316,0.42689,0.424925,0.422533,0.419585,0.416153,0.41217,0.407461,0.402134,0.395853,0.388708,0.380249,0.370166,0.357996,0.342628,0.325198
0.366347,0.379531,0.390802,0.399942,0.407187,0.413339,0.418328,0.42224,0.425214,0.427391,0.428876,0.429687,0.429929,0.429556,0.428641,0.427216,0.425245,0.422813,0.419829,0.416377,0.412374,0.407639,0.402296,0.396079,0.388883,0.380445,0.370379,0.3582,0.342886,0.325464
0.367059,0.380186,0.391454,0.400565,0.407789,0.413839,0.418817,0.422692,0.425674,0.427846,0.429282,0.430101,0.430297,0.429923,0.428969,0.427555,0.425593,0.42313,0.420165,0.41669,0.412626,0.407861,0.402453,0.396295,0.389099,0.380621,0.37057,0.358423,0.343091,0.325732
0.367792,0.380958,0.392152,0.401197,0.408363,0.414341,0.419348,0.423261,0.426201,0.428329,0.429759,0.430572,0.430776,0.43039,0.429469,0.428013,0.426023,0.42353,0.42049,0.416951,0.412924,0.408136,0.4027,0.396522,0.389329,0.380873,0.370744,0.358769,0.34335,0.325885
0.368654,0.381765,0.392873,0.401793,0.408972,0.414971,0.419929,0.423836,0.42676,0.428909,0.430324,0.431149,0.43134,0.430945,0.429994,0.428495,0.426502,0.423976,0.420923,0.417395,0.413348,0.40859,0.403075,0.396819,0.389589,0.381124,0.370979,0.358971,0.343726,0.326272
0.369436,0.382482,0.393588,0.402559,0.409671,0.415657,0.420597,0.42446,0.427359,0.429475,0.430891,0.431647,0.431813,0.431386,0.430459,0.428917,0.426902,0.424401,0.421391,0.417818,0.413712,0.408948,0.40356,0.397262,0.389906,0.381373,0.371245,0.359073,0.343894,0.326686
0.370255,0.383379,0.394395,0.403379,0.410444,0.416345,0.421261,0.425107,0.427977,0.430018,0.431423,0.432118,0.43226,0.431816,0.430897,0.429362,0.42726,0.424805,0.421785,0.41818,0.41413,0.409343,0.403909,0.397565,0.390295,0.381828,0.371685,0.359488,0.344184,0.326908
0.371169,0.384246,0.395336,0.404204,0.411259,0.41698,0.421877,0.425722,0.428557,0.430617,0.431989,0.432663,0.432806,0.432361,0.431355,0.429879,0.427785,0.425276,0.422207,0.418599,0.414504,0.409743,0.404203,0.39791,0.390621,0.38212,0.372033,0.359954,0.344627,0.327215
0.372177,0.38523,0.396191,0.404928,0.41196,0.417705,0.422591,0.426422,0.429235,0.431244,0.43256,0.433289,0.433391,0.432909,0.431923,0.430435,0.42837,0.425779,0.422684,0.419048,0.414928,0.410107,0.404558,0.398254,0.39094,0.38242,0.372337,0.360318,0.345075,0.327694
0.373213,0.386104,0.397031,0.40574,0.412706,0.418456,0.423329,0.427148,0.429951,0.431973,0.433273,0.43399,0.434042,0.433543,0.432503,0.430977,0.428938,0.42637,0.423219,0.419601,0.415387,0.4105,0.404993,0.398636,0.391311,0.382819,0.372642,0.360548,0.345489,0.328256
0.374063,0.387001,0.397936,0.406674,0.413562,0.419227,0.424086,0.4279,0.430709,0.432774,0.434024,0.434748,0.434721,0.43422,0.43315,0.431551,0.429478,0.426936,0.423742,0.420136,0.415921,0.411054,0.405452,0.399049,0.391704,0.383216,0.373106,0.360957,0.345831,0.328589
0.375013,0.387973,0.398855,0.407576,0.414445,0.420027,0.42484,0.428691,0.431475,0.433477,0.434763,0.435381,0.435392,0.43486,0.43385,0.432196,0.430055,0.42743,0.424294,0.420695,0.416486,0.411578,0.40598,0.399542,0.392154,0.383576,0.373556,0.361377,0.346222,0.328921
0.376078,0.388997,0.399785,0.408496,0.415346,0.420913,0.425689,0.429444,0.432215,0.434183,0.435403,0.436041,0.436103,0.435534,0.434497,0.432809,0.430644,0.427991,0.424885,0.421229,0.417021,0.4121,0.406478,0.400066,0.392656,0.383997,0.373873,0.361938,0.346741,0.329352
0.377208,0.39002,0.400746,0.409529,0.416302,0.42177,0.426467,0.430187,0.433002,0.434962,0.436207,0.436794,0.436794,0.43624,0.435131,0.433495,0.431302,0.4286,0.425492,0.421766,0.417522,0.412626,0.406981,0.400634,0.393201,0.384586,0.374364,0.362303,0.347163,0.329845
0.378253,0.391004,0.401815,0.410464,0.417225,0.422668,0.42734,0.431089,0.433871,0.435828,0.437015,0.437607,0.437621,0.437003,0.435946,0.43422,0.432024,0.429309,0.4261,0.422369,0.4181,0.413138,0.40747,0.401082,0.393747,0.385091,0.374929,0.362697,0.347523,0.330212
0.379459,0.392095,0.40287,0.411459,0.418185,0.423592,0.428258,0.431997,0.434745,0.436718,0.437919,0.438459,0.438446,0.437837,0.436685,0.43497,0.432731,0.430012,0.426756,0.422985,0.418684,0.413719,0.40797,0.401558,0.394209,0.385545,0.375328,0.363235,0.348053,0.330662
0.38065,0.393248,0.403983,0.412486,0.419195,0.42458,0.429144,0.432893,0.435622,0.437574,0.438754,0.439264,0.439221,0.438632,0.437452,0.43576,0.433476,0.43075,0.427542,0.423695,0.419355,0.414322,0.408579,0.402074,0.394686,0.386146,0.375915,0.363787,0.348577,0.331147
0.381876,0.394378,0.405061,0.413536,0.420238,0.425581,0.430073,0.433795,0.43658,0.43847,0.439632,0.440154,0.440079,0.439443,0.438258,0.436519,0.434202,0.431484,0.428204,0.424393,0.420001,0.414967,0.409252,0.402803,0.395263,0.386717,0.376545,0.364306,0.349203,0.331545
0.383067,0.395538,0.406149,0.414616,0.421239,0.426592,0.431046,0.434704,0.437425,0.439337,0.440554,0.441036,0.44096,0.440302,0.439121,0.437328,0.434982,0.432214,0.428942,0.425105,0.420666,0.415657,0.409911,0.403442,0.395909,0.387293,0.377126,0.364886,0.34965,0.332173
0.384184,0.396764,0.407336,0.415746,0.422332,0.427572,0.432014,0.435674,0.438393,0.440324,0.441497,0.441942,0.441889,0.441171,0.439941,0.438114,0.435792,0.432978,0.429663,0.425761,0.421344,0.416339,0.410588,0.404072,0.396536,0.387843,0.377559,0.365423,0.350234,0.332544
0.385541,0.39795,0.408466,0.416841,0.423413,0.42861,0.433032,0.436696,0.439404,0.44131,0.442494,0.442931,0.44279,0.442107,0.440737,0.43892,0.436635,0.433791,0.430439,0.426506,0.422051,0.416964,0.411205,0.404677,0.397124,0.388456,0.3782,0.365997,0.350738,0.333212
0.386858,0.399128,0.409576,0.417968,0.424542,0.429694,0.434113,0.437744,0.440442,0.442352,0.443454,0.44388,0.443749,0.443004,0.441649,0.439876,0.437495,0.434573,0.431196,0.427282,0.422772,0.417639,0.411907,0.405284,0.39774,0.389068,0.37893,0.366622,0.351378,0.333754
0.388152,0.400372,0.410768,0.419118,0.425641,0.430839,0.435158,0.438788,0.441466,0.443381,0.444438,0.444896,0.444709,0.443963,0.442628,0.440781,0.438369,0.435455,0.432077,0.42808,0.423526,0.418422,0.412619,0.40589,0.398324,0.389684,0.379551,0.367368,0.352103,0.334378
0.389482,0.401644,0.411946,0.420246,0.426752,0.431864,0.436164,0.439805,0.442452,0.44434,0.445408,0.445847,0.445673,0.444901,0.44361,0.441717,0.439283,0.436368,0.432916,0.428885,0.42434,0.41915,0.413294,0.406636,0.39906,0.39033,0.380135,0.368002,0.352689,0.334832
0.390766,0.402841,0.413214,0.421427,0.427899,0.432948,0.437222,0.440893,0.443576,0.445416,0.446494,0.446915,0.446681,0.445938,0.444558,0.442646,0.44021,0.437239,0.433747,0.429739,0.425121,0.419874,0.413996,0.40733,0.399721,0.390994,0.380839,0.368607,0.353341,0.335553
0.392125,0.404101,0.414422,0.422618,0.429082,0.434104,0.438352,0.44195,0.444659,0.446555,0.447609,0.447961,0.447712,0.446942,0.445538,0.44362,0.441176,0.438146,0.434631,0.430576,0.425965,0.42066,0.414711,0.408012,0.400401,0.391719,0.381543,0.369327,0.354092,0.336352
0.393419,0.405491,0.415615,0.423783,0.430204,0.435243,0.439477,0.442994,0.445786,0.447681,0.44876,0.449109,0.448829,0.447985,0.446549,0.444614,0.44214,0.439152,0.435595,0.431404,0.426748,0.421471,0.415503,0.408787,0.401105,0.39244,0.382208,0.369969,0.354849,0.337129
0.394795,0.40672,0.416825,0.425034,0.431407,0.436469,0.440633,0.444167,0.44694,0.448831,0.449856,0.45022,0.449934,0.449071,0.447602,0.445624,0.443115,0.440091,0.436508,0.432284,0.427595,0.422282,0.416318,0.409561,0.401895,0.393078,0.382937,0.370679,0.355407,0.337701
0.396203,0.408011,0.418112,0.426224,0.432618,0.437653,0.44181,0.445338,0.448083,0.449956,0.451003,0.451388,0.451015,0.450173,0.448698,0.446663,0.444073,0.441013,0.437385,0.433201,0.428472,0.42313,0.417116,0.410364,0.40265,0.393855,0.383616,0.3714,0.3561,0.338386
0.397629,0.409335,0.419375,0.427442,0.433851,0.438873,0.442985,0.446472,0.449249,0.451113,0.452174,0.452517,0.452216,0.451302,0.449817,0.447749,0.445135,0.442036,0.438375,0.434143,0.429392,0.424023,0.417927,0.411141,0.40345,0.394647,0.384351,0.372163,0.356943,0.339186
0.398938,0.410644,0.420716,0.428752,0.435075,0.44006,0.444142,0.447636,0.450422,0.452238,0.453315,0.453645,0.453406,0.452461,0.450918,0.448853,0.446181,0.443117,0.439393,0.435154,0.430358,0.424868,0.418754,0.411928,0.404239,0.395451,0.385076,0.372872,0.357609,0.339823
0.400304,0.411919,0.422011,0.430006,0.436267,0.44121,0.445309,0.448772,0.451545,0.453379,0.454439,0.454789,0.454484,0.45361,0.452035,0.449951,0.447289,0.444128,0.440394,0.436128,0.431289,0.425755,0.419632,0.412765,0.405015,0.396153,0.385973,0.373659,0.358391,0.340644
0.401539,0.413255,0.423316,0.431212,0.437532,0.442438,0.446543,0.44993,0.452668,0.454568,0.455554,0.455922,0.455641,0.454679,0.453166,0.451049,0.448456,0.445221,0.441424,0.437064,0.4322,0.426687,0.420522,0.413583,0.405737,0.396937,0.386756,0.374477,0.359249,0.341526
0.402813,0.414533,0.424586,0.432439,0.438785,0.44371,0.447764,0.451162,0.453884,0.455756,0.456776,0.457041,0.456717,0.455808,0.454312,0.452238,0.4496,0.446322,0.442422,0.438104,0.43319,0.427605,0.421463,0.414495,0.406545,0.397795,0.38757,0.375171,0.360077,0.342433
0.404226,0.415857,0.425793,0.433746,0.440076,0.444954,0.448914,0.452279,0.455083,0.456977,0.458014,0.45825,0.4579,0.457,0.455476,0.453389,0.450685,0.447408,0.443493,0.43908,0.434137,0.428522,0.422368,0.415436,0.407489,0.398489,0.388273,0.376013,0.360946,0.343303
0.405511,0.417156,0.427098,0.435007,0.441253,0.446139,0.450112,0.453402,0.456155,0.458148,0.459188,0.459516,0.459078,0.458199,0.456686,0.454526,0.451822,0.448472,0.444548,0.440067,0.435145,0.429472,0.423306,0.416282,0.408359,0.399277,0.38896,0.376734,0.361653,0.344151
0.406771,0.418453,0.428395,0.436231,0.442438,0.447319,0.451289,0.454608,0.457412,0.459407,0.46052,0.4608,0.460341,0.459459,0.457933,0.45577,0.452928,0.44948,0.445604,0.44106,0.436071,0.430422,0.424177,0.417098,0.409166,0.400138,0.38973,0.377489,0.362513,0.345182
0.408026,0.419717,0.429584,0.437405,0.443637,0.448524,0.45252,0.455865,0.458679,0.46074,0.461811,0.462047,0.461694,0.46077,0.459205,0.457006,0.454099,0.450642,0.446687,0.442099,0.436964,0.431344,0.424993,0.41795,0.409957,0.40099,0.390612,0.378369,0.363329,0.346016
0.409202,0.420876,0.43074,0.438616,0.444886,0.449836,0.453749,0.457059,0.459895,0.461936,0.463057,0.463356,0.462945,0.461961,0.460355,0.458153,0.455294,0.45186,0.447813,0.443161,0.437993,0.432318,0.425963,0.418835,0.410893,0.401865,0.391438,0.379211,0.364158,0.346842
0.410362,0.422071,0.43194,0.439876,0.446142,0.451049,0.454954,0.458317,0.461118,0.463165,0.464281,0.464629,0.464312,0.46319,0.461595,0.459449,0.456558,0.453059,0.448948,0.444274,0.439142,0.433338,0.426933,0.419825,0.411811,0.402752,0.392311,0.38002,0.364979,0.347813
0.411556,0.423246,0.433102,0.441045,0.447335,0.452276,0.456262,0.459556,0.462374,0.464381,0.465573,0.465906,0.465552,0.464471,0.462862,0.460615,0.457739,0.454214,0.449987,0.445398,0.440114,0.434281,0.427885,0.420678,0.412724,0.403668,0.393178,0.38083,0.365838,0.34869
0.412725,0.424329,0.434226,0.442166,0.448515,0.453531,0.457544,0.460789,0.463639,0.465642,0.466914,0.467197,0.466838,0.465795,0.464093,0.461726,0.45888,0.455338,0.451123,0.44653,0.441225,0.435307,0.428738,0.42154,0.413584,0.404519,0.39397,0.381597,0.366605,0.349569
0.414034,0.42563,0.435383,0.443334,0.449746,0.454753,0.458749,0.462021,0.464808,0.466786,0.468107,0.468462,0.468089,0.467055,0.465354,0.462994,0.460069,0.456483,0.452282,0.44771,0.442278,0.436336,0.429824,0.422575,0.414393,0.405395,0.394771,0.382407,0.367442,0.350543
0.415259,0.426792,0.436536,0.444448,0.45093,0.455967,0.459904,0.463261,0.466075,0.467991,0.469268,0.469658,0.469369,0.468271,0.466532,0.464162,0.461293,0.457645,0.453422,0.448679,0.443359,0.437398,0.430881,0.423489,0.415282,0.406323,0.395814,0.383444,0.368323,0.35146
0.416313,0.427815,0.437761,0.445672,0.452091,0.457167,0.461123,0.464553,0.467269,0.469163,0.470391,0.470718,0.470609,0.469568,0.467666,0.465259,0.462374,0.45876,0.454599,0.449833,0.444464,0.438487,0.431845,0.424521,0.416321,0.407084,0.396731,0.384352,0.369237,0.352381
0.417433,0.42898,0.438795,0.446826,0.453251,0.45834,0.462371,0.465725,0.468427,0.470376,0.471629,0.472034,0.471906,0.470875,0.469008,0.466433,0.463489,0.45995,0.455727,0.450867,0.445502,0.439477,0.432902,0.425448,0.417252,0.408005,0.397477,0.385084,0.370077,0.353207
0.418487,0.430058,0.439957,0.447935,0.45438,0.459458,0.463608,0.466896,0.469554,0.471557,0.472846,0.473322,0.473188,0.472144,0.47021,0.467759,0.464701,0.461131,0.456931,0.452067,0.446594,0.440538,0.433856,0.426455,0.418232,0.408954,0.398315,0.386072,0.370967,0.354165
0.419692,0.43116,0.441011,0.449016,0.455522,0.46073,0.464815,0.468095,0.47068,0.472577,0.473855,0.474528,0.474467,0.47336,0.471636,0.469068,0.465953,0.46225,0.458009,0.45309,0.44753,0.441589,0.434884,0.427383,0.419194,0.409947,0.399198,0.386913,0.3718,0.355129
0.420861,0.432293,0.442079,0.450103,0.456669,0.461867,0.4659,0.469209,0.471633,0.473606,0.474933,0.475702,0.475601,0.474686,0.472941,0.470327,0.467208,0.463276,0.459031,0.454151,0.448693,0.442684,0.435935,0.428434,0.420166,0.410849,0.400131,0.387791,0.372756,0.356027
0.421876,0.433379,0.443232,0.451199,0.457733,0.462861,0.467054,0.470352,0.472818,0.474759,0.476081,0.476836,0.476709,0.475814,0.474151,0.47147,0.468332,0.464451,0.460041,0.455242,0.449794,0.443625,0.436971,0.429442,0.421092,0.411742,0.401037,0.388577,0.373679,0.356968
0.422905,0.434393,0.444279,0.452236,0.458783,0.464028,0.46816,0.47139,0.473951,0.475856,0.477186,0.478048,0.477965,0.477058,0.475257,0.472658,0.469519,0.465622,0.461224,0.456402,0.45094,0.444678,0.437921,0.430391,0.422102,0.412618,0.401795,0.389452,0.374603,0.357899
0.423969,0.435403,0.445183,0.453246,0.4598,0.4651,0.469209,0.472457,0.475103,0.477082,0.478346,0.479218,0.479226,0.478317,0.476443,0.473884,0.470663,0.466769,0.462366,0.457549,0.452182,0.445876,0.438843,0.431401,0.422951,0.413384,0.402665,0.390302,0.375532,0.358805
0.425035,0.436368,0.446177,0.454318,0.460847,0.466105,0.470235,0.473603,0.476309,0.478247,0.479481,0.480435,0.4804,0.479498,0.477658,0.475003,0.471513,0.467906,0.463522,0.458695,0.453231,0.446898,0.439799,0.432313,0.423882,0.414446,0.403596,0.391138,0.376318,0.359653
0.426052,0.437349,0.447178,0.455271,0.461787,0.467152,0.471415,0.474891,0.477462,0.479314,0.480762,0.481567,0.481597,0.480551,0.478726,0.475972,0.472667,0.469078,0.464669,0.459799,0.454419,0.448211,0.440859,0.4332,0.424768,0.415339,0.404408,0.391833,0.377113,0.360455
0.426996,0.438318,0.448201,0.456257,0.462842,0.468294,0.472629,0.476169,0.478681,0.480515,0.482025,0.482702,0.482637,0.481678,0.47978,0.47705,0.473773,0.470279,0.465937,0.460998,0.455586,0.449292,0.442078,0.434067,0.425559,0.41614,0.405145,0.392885,0.377977,0.361243
0.428049,0.439202,0.449119,0.457185,0.463831,0.46939,0.473803,0.477222,0.479862,0.48161,0.483038,0.483747,0.483783,0.482804,0.48103,0.47813,0.47509,0.471457,0.466996,0.462247,0.45668,0.450419,0.443123,0.435204,0.426651,0.417087,0.406053,0.393777,0.378851,0.3622
0.428994,0.44001,0.449966,0.458091,0.4649,0.470325,0.474862,0.478243,0.480927,0.482776,0.484084,0.484796,0.4849,0.483923,0.482101,0.479204,0.476179,0.472518,0.468079,0.463206,0.457664,0.451406,0.444126,0.436188,0.427554,0.417894,0.407013,0.394627,0.379723,0.363231
0.429944,0.441003,0.450842,0.459016,0.46593,0.471468,0.475775,0.479204,0.482011,0.483983,0.485218,0.485958,0.486004,0.484966,0.483063,0.480459,0.477308,0.473526,0.469069,0.464082,0.458607,0.452335,0.445053,0.437092,0.428493,0.418851,0.408059,0.395525,0.380638,0.364142
0.430864,0.441902,0.451729,0.459859,0.466782,0.472272,0.476649,0.480116,0.482972,0.485205,0.486466,0.487031,0.487042,0.486002,0.484117,0.481555,0.478341,0.474605,0.47014,0.465114,0.459506,0.45319,0.445848,0.43808,0.429392,0.419828,0.408951,0.396426,0.381499,0.365081
0.431619,0.44281,0.452642,0.460706,0.467692,0.473254,0.477716,0.481241,0.484134,0.486223,0.487528,0.48812,0.487894,0.486845,0.484994,0.482447,0.479292,0.475561,0.47121,0.466043,0.460379,0.454,0.446837,0.438915,0.43019,0.420674,0.409658,0.397201,0.382527,0.36598
0.432472,0.443695,0.453396,0.461519,0.46846,0.474242,0.478674,0.482286,0.485151,0.487262,0.488633,0.489146,0.488732,0.487723,0.485938,0.483345,0.480197,0.476356,0.472028,0.466958,0.461249,0.454828,0.447786,0.439779,0.431153,0.421557,0.410695,0.398046,0.383358,0.367055
0.433267,0.44456,0.454263,0.462406,0.46934,0.475037,0.479679,0.483484,0.486332,0.488531,0.489749,0.490198,0.48972,0.488663,0.486778,0.48417,0.481111,0.477269,0.472879,0.467827,0.46226,0.455876,0.448657,0.440749,0.432111,0.422416,0.41165,0.399,0.384234,0.368084
0.434121,0.44541,0.455061,0.463259,0.470191,0.475886,0.480593,0.484399,0.487323,0.489507,0.490536,0.491088,0.490765,0.489546,0.487625,0.485068,0.481888,0.478153,0.473699,0.468762,0.463092,0.45677,0.449569,0.441704,0.433162,0.423482,0.412562,0.399881,0.3851,0.369082
0.435204,0.446317,0.455878,0.464014,0.471037,0.476818,0.481549,0.485392,0.488349,0.490404,0.491546,0.49202,0.491549,0.490441,0.488515,0.485924,0.482779,0.479117,0.474744,0.469662,0.464005,0.457783,0.450562,0.442665,0.43401,0.424256,0.413371,0.400735,0.386149,0.37004
0.436053,0.447135,0.456793,0.464873,0.471869,0.477626,0.482567,0.48637,0.489267,0.491187,0.492516,0.492956,0.492558,0.491327,0.489341,0.486788,0.483634,0.480082,0.475733,0.470619,0.464913,0.458536,0.451492,0.443564,0.434827,0.424971,0.414044,0.401515,0.386995,0.370994
0.437102,0.448017,0.457695,0.46569,0.472779,0.478517,0.483482,0.487268,0.490134,0.492101,0.493282,0.493681,0.493208,0.49204,0.490211,0.487749,0.484675,0.481088,0.476712,0.471653,0.465957,0.459445,0.452295,0.444379,0.435695,0.425917,0.415036,0.402502,0.387991,0.372083
0.437964,0.448865,0.458721,0.466723,0.473638,0.479535,0.484552,0.488202,0.490955,0.492991,0.494029,0.494387,0.493971,0.492923,0.491055,0.488623,0.485611,0.482065,0.477553,0.472477,0.466944,0.460394,0.453199,0.445347,0.436485,0.426638,0.415824,0.403421,0.388855,0.373055
0.438823,0.449878,0.459671,0.467767,0.474498,0.480518,0.485392,0.489038,0.491724,0.49363,0.49475,0.495133,0.494743,0.493681,0.491932,0.48954,0.486424,0.482899,0.478416,0.473363,0.467772,0.461307,0.45413,0.446381,0.437509,0.427616,0.416936,0.404351,0.389685,0.373926
0.439637,0.450609,0.460529,0.468683,0.475573,0.481415,0.486215,0.489919,0.492461,0.494408,0.495592,0.496006,0.495605,0.494518,0.492656,0.490422,0.487335,0.483713,0.479278,0.474309,0.468677,0.462186,0.455052,0.447212,0.43845,0.428655,0.417629,0.405319,0.390723,0.374946
0.440398,0.451427,0.461241,0.469481,0.476508,0.482203,0.486982,0.490542,0.493134,0.495004,0.496433,0.496884,0.496394,0.495365,0.493513,0.491279,0.488098,0.484435,0.47998,0.475045,0.469535,0.46298,0.455927,0.448145,0.439384,0.429606,0.418538,0.406078,0.391885,0.37602
0.44135,0.452222,0.462054,0.470407,0.477429,0.483082,0.487735,0.491241,0.493836,0.495866,0.497219,0.49766,0.497277,0.496181,0.494432,0.492177,0.489028,0.485291,0.480673,0.475587,0.470105,0.463799,0.456754,0.448853,0.440141,0.430429,0.419397,0.407134,0.392657,0.376928
0.442203,0.452999,0.462892,0.471325,0.478416,0.483993,0.488463,0.492034,0.494653,0.496792,0.497964,0.498331,0.497983,0.496958,0.495396,0.49308,0.489804,0.485954,0.481414,0.476448,0.470838,0.464604,0.457505,0.449707,0.440981,0.431151,0.42022,0.407791,0.393515,0.377874
0.442905,0.45387,0.46372,0.472272,0.479369,0.484828,0.489116,0.492715,0.495531,0.49761,0.49874,0.499069,0.498735,0.497741,0.496243,0.493894,0.490634,0.48689,0.482182,0.477219,0.471621,0.465217,0.458181,0.450481,0.441715,0.43203,0.421083,0.408611,0.394497,0.37892
0.443684,0.454463,0.464653,0.473183,0.480193,0.48563,0.489895,0.493463,0.496309,0.498346,0.499495,0.499815,0.499489,0.498583,0.497064,0.494655,0.491435,0.487628,0.48303,0.477888,0.472417,0.465925,0.458933,0.451244,0.442478,0.432892,0.421939,0.40953,0.395309,0.379671
0.444512,0.455373,0.465431,0.474136,0.481043,0.486463,0.490608,0.494106,0.497021,0.499097,0.500222,0.500557,0.500214,0.499297,0.497763,0.495349,0.492208,0.488377,0.483958,0.47871,0.47319,0.466856,0.459742,0.451912,0.443338,0.433717,0.42279,0.410346,0.396158,0.380528
0.44524,0.456178,0.466326,0.474888,0.481677,0.487152,0.491242,0.494803,0.497664,0.499728,0.500898,0.501266,0.50102,0.50009,0.498472,0.496104,0.49307,0.489157,0.484741,0.479642,0.473949,0.467506,0.460513,0.452778,0.44409,0.434404,0.423473,0.411197,0.396946,0.381483
0.445979,0.456988,0.466894,0.47544,0.482371,0.487784,0.4919,0.495639,0.498446,0.500447,0.501598,0.502048,0.501916,0.500996,0.499282,0.496884,0.493789,0.489888,0.485472,0.480409,0.474699,0.468394,0.461273,0.453536,0.444849,0.435134,0.424229,0.412052,0.397849,0.382353
0.446672,0.457749,0.467682,0.476174,0.483127,0.488555,0.492725,0.496495,0.499258,0.501077,0.502393,0.502864,0.502693,0.50165,0.499968,0.497502,0.494357,0.490554,0.486114,0.481073,0.475393,0.468991,0.461918,0.454248,0.445519,0.435877,0.42509,0.41296,0.398717,0.383289
0.447378,0.458521,0.468464,0.476822,0.483731,0.489168,0.493592,0.497179,0.499869,0.501574,0.502973,0.50345,0.503271,0.502275,0.500573,0.498075,0.495086,0.491251,0.486727,0.481626,0.47599,0.469598,0.462725,0.454896,0.446179,0.436594,0.425741,0.413702,0.399354,0.384069
0.448229,0.459247,0.469043,0.477354,0.484323,0.489904,0.494246,0.497806,0.500497,0.502123,0.503311,0.503974,0.503715,0.502809,0.500993,0.498652,0.495693,0.491856,0.487474,0.482261,0.476575,0.470323,0.463401,0.45552,0.446838,0.437131,0.426497,0.414411,0.400258,0.384931
0.448979,0.459999,0.469785,0.477817,0.484944,0.490602,0.494922,0.498398,0.501021,0.502718,0.503966,0.504572,0.504177,0.503249,0.501465,0.499133,0.496227,0.492433,0.487916,0.48291,0.477216,0.470979,0.463981,0.456278,0.44753,0.437983,0.427148,0.4152,0.40101,0.385636
0.449721,0.46066,0.470475,0.478555,0.485671,0.491321,0.495723,0.498995,0.501602,0.503411,0.504605,0.505132,0.504771,0.50384,0.502032,0.49966,0.496683,0.493033,0.488427,0.48343,0.477761,0.47161,0.464586,0.456876,0.448247,0.438616,0.427828,0.41592,0.401755,0.386506
0.450367,0.461213,0.471112,0.479185,0.486324,0.491815,0.49626,0.499609,0.502238,0.504063,0.505195,0.50555,0.505352,0.504408,0.502466,0.500004,0.49709,0.493404,0.488935,0.483961,0.478377,0.472136,0.465258,0.4575,0.448946,0.439298,0.428699,0.41661,0.402522,0.387216
0.451012,0.461716,0.471578,0.479649,0.486701,0.492361,0.496778,0.500173,0.502726,0.504492,0.50561,0.506042,0.505774,0.504829,0.502934,0.500402,0.497468,0.493788,0.489445,0.484567,0.478979,0.472708,0.465863,0.458189,0.449526,0.44002,0.42931,0.417329,0.403197,0.388032
0.451665,0.462352,0.471997,0.480131,0.487114,0.492804,0.497195,0.500696,0.503226,0.505051,0.506072,0.506443,0.506127,0.505159,0.503328,0.50088,0.497881,0.494207,0.48985,0.485037,0.479452,0.473328,0.46644,0.458778,0.450165,0.440814,0.430096,0.418048,0.404,0.388903
0.452272,0.462838,0.472391,0.480673,0.487726,0.493225,0.497497,0.501113,0.503686,0.505532,0.506522,0.50682,0.506472,0.505438,0.503726,0.501315,0.498226,0.494553,0.490302,0.485477,0.479912,0.473873,0.466973,0.459251,0.450805,0.441352,0.430737,0.418823,0.40498,0.389831
0.452894,0.463248,0.472903,0.481363,0.488178,0.493605,0.497892,0.501507,0.504203,0.50594,0.506969,0.507165,0.506886,0.505817,0.50401,0.501624,0.498597,0.49499,0.490695,0.485881,0.480485,0.474399,0.467542,0.459764,0.451404,0.44196,0.431222,0.419528,0.405673,0.390612
0.453566,0.463787,0.473614,0.481975,0.488637,0.494098,0.498346,0.50188,0.504533,0.506356,0.507389,0.507543,0.507104,0.506159,0.504346,0.501987,0.498999,0.495324,0.491067,0.486348,0.480962,0.474772,0.467965,0.4604,0.452076,0.442514,0.431894,0.420087,0.406316,0.391402
0.454229,0.464417,0.474076,0.482456,0.489026,0.494431,0.498702,0.502263,0.504974,0.50672,0.507744,0.507863,0.507414,0.506383,0.504722,0.502324,0.49933,0.495703,0.491515,0.486804,0.481346,0.475272,0.468478,0.461024,0.452484,0.442954,0.432574,0.420824,0.407035,0.392202
0.454809,0.464949,0.474582,0.482856,0.489452,0.494788,0.499065,0.502671,0.505241,0.507103,0.507958,0.508139,0.50774,0.506719,0.505041,0.50272,0.499761,0.496149,0.492004,0.487137,0.481715,0.475676,0.468936,0.461425,0.452968,0.443522,0.433136,0.421351,0.407577,0.392925
0.455391,0.465624,0.475127,0.483167,0.489734,0.495053,0.499515,0.503056,0.50565,0.507467,0.508305,0.508495,0.508058,0.507068,0.505338,0.502997,0.500115,0.496512,0.492325,0.487525,0.482226,0.476208,0.469407,0.461781,0.453411,0.444134,0.433715,0.421976,0.408314,0.393647
0.455879,0.466086,0.475536,0.483504,0.489965,0.495351,0.499763,0.503279,0.505999,0.507737,0.508711,0.508842,0.50836,0.507348,0.505569,0.503205,0.500243,0.496722,0.492659,0.48789,0.482604,0.476587,0.469812,0.46222,0.453933,0.444647,0.434132,0.422526,0.409019,0.394338
0.456431,0.466634,0.476007,0.483802,0.490251,0.495563,0.499954,0.503569,0.506174,0.507916,0.508894,0.509132,0.50857,0.50743,0.505734,0.503477,0.500504,0.497079,0.492987,0.488273,0.482965,0.476955,0.470207,0.462712,0.454421,0.445178,0.434657,0.423169,0.409743,0.39505
0.456819,0.467144,0.47644,0.484165,0.490568,0.495845,0.500321,0.503895,0.506486,0.508226,0.509073,0.509277,0.508796,0.507682,0.506059,0.503793,0.500809,0.497382,0.493207,0.488574,0.483221,0.477294,0.470575,0.463104,0.45479,0.44555,0.435237,0.423769,0.410344,0.395728
0.457179,0.467562,0.476785,0.484545,0.490934,0.496115,0.500541,0.504184,0.506826,0.50849,0.509362,0.509524,0.509094,0.508023,0.506334,0.504037,0.501042,0.497492,0.493453,0.488782,0.483564,0.477627,0.470978,0.463479,0.455206,0.445992,0.43588,0.424287,0.411011,0.396375
0.45764,0.467999,0.477219,0.484977,0.491298,0.496444,0.500888,0.504488,0.507047,0.508734,0.509604,0.509769,0.509265,0.508247,0.506559,0.504238,0.501317,0.497807,0.493787,0.489127,0.483915,0.478004,0.47127,0.46393,0.455703,0.446485,0.436314,0.424822,0.411574,0.397015
0.457874,0.468229,0.477519,0.485269,0.491611,0.496761,0.501165,0.504759,0.507282,0.508967,0.509825,0.509959,0.509491,0.508395,0.506677,0.504441,0.501578,0.498151,0.494114,0.489404,0.484166,0.4782,0.471609,0.4643,0.456023,0.447017,0.436744,0.42535,0.41217,0.397613
0.458214,0.468445,0.477717,0.485384,0.491802,0.497046,0.501483,0.504897,0.5074,0.509108,0.509962,0.510211,0.509721,0.508668,0.506968,0.504676,0.501874,0.498315,0.494312,0.489653,0.484387,0.478477,0.471933,0.464591,0.456338,0.447392,0.437218,0.425948,0.412683,0.398152
0.458483,0.468715,0.477931,0.485591,0.491964,0.49719,0.501615,0.505069,0.507652,0.50922,0.510133,0.510366,0.50988,0.508835,0.507122,0.504799,0.501918,0.498443,0.494458,0.489835,0.484612,0.478746,0.472326,0.465024,0.456817,0.447734,0.43756,0.426335,0.413084,0.39865
0.458701,0.468906,0.478155,0.485765,0.492085,0.497378,0.5018,0.50524,0.507659,0.509358,0.510163,0.510368,0.509895,0.50883,0.507086,0.504778,0.502003,0.498578,0.494644,0.490056,0.484916,0.479038,0.47255,0.465275,0.457097,0.448058,0.438046,0.426736,0.413411,0.399127
0.458773,0.468963,0.478239,0.485879,0.492261,0.4975,0.501918,0.505244,0.507723,0.509311,0.510136,0.510328,0.509885,0.508824,0.507134,0.504868,0.502115,0.49865,0.494773,0.490258,0.485112,0.479258,0.472703,0.465454,0.457416,0.448436,0.438454,0.427145,0.414007,0.399595
0.45901,0.469128,0.478392,0.485979,0.492351,0.497534,0.501911,0.505378,0.507767,0.50937,0.510191,0.510374,0.509897,0.508849,0.507237,0.504993,0.502204,0.498772,0.494832,0.490359,0.48518,0.479436,0.472937,0.465738,0.457662,0.448717,0.438784,0.427517,0.414416,0.400031
0.459148,0.469195,0.478429,0.486016,0.492302,0.497593,0.50189,0.505403,0.507835,0.509415,0.510303,0.510398,0.509897,0.50886,0.50717,0.50496,0.502145,0.498784,0.49483,0.490355,0.48526,0.479612,0.473139,0.46598,0.457981,0.44896,0.439061,0.427912,0.414826,0.400494
0.459114,0.469171,0.478407,0.486022,0.49231,0.497562,0.50196,0.505407,0.507788,0.509426,0.510275,0.510327,0.509759,0.508693,0.507055,0.504911,0.50217,0.498912,0.494985,0.49047,0.485443,0.479701,0.47329,0.46616,0.45819,0.449312,0.439396,0.428324,0.415217,0.400779
0.459085,0.469206,0.478416,0.485962,0.49229,0.497472,0.501861,0.505334,0.507732,0.50931,0.5101,0.510166,0.509628,0.508616,0.50703,0.504895,0.502227,0.498906,0.495051,0.49053,0.485478,0.479822,0.473432,0.466334,0.458358,0.44951,0.439714,0.428558,0.415432,0.400978
0.459145,0.469148,0.478357,0.485943,0.492185,0.497372,0.50176,0.505232,0.507633,0.509214,0.509994,0.510001,0.509569,0.50855,0.507054,0.504898,0.502191,0.498826,0.495045,0.49053,0.485517,0.479814,0.473573,0.466493,0.458583,0.449789,0.439953,0.428737,0.415703,0.401368
0.459033,0.469046,0.478185,0.485738,0.491951,0.49728,0.501612,0.505072,0.507529,0.509073,0.509842,0.509816,0.509437,0.508461,0.506871,0.504723,0.502002,0.498759,0.494944,0.490532,0.485493,0.479892,0.473554,0.466538,0.458705,0.449951,0.440078,0.429044,0.416046,0.401718
0.458736,0.468797,0.477884,0.485515,0.491722,0.497023,0.501364,0.50477,0.507225,0.508844,0.509563,0.509638,0.509197,0.508291,0.506725,0.504577,0.501923,0.498712,0.494868,0.490516,0.485498,0.479876,0.473578,0.466643,0.458865,0.450144,0.44032,0.429324,0.416369,0.401875
0.458483,0.468545,0.477614,0.485195,0.491448,0.496782,0.501128,0.504546,0.506969,0.508428,0.509218,0.509425,0.509097,0.508152,0.506616,0.504516,0.501838,0.498628,0.49484,0.490333,0.485461,0.47983,0.473607,0.466707,0.459028,0.450284,0.440563,0.429588,0.416516,0.402051
0.458063,0.468135,0.47727,0.48485,0.491211,0.496522,0.500823,0.504208,0.506677,0.508155,0.508999,0.50921,0.508873,0.507923,0.506433,0.504289,0.501719,0.498526,0.494761,0.49032,0.485438,0.479834,0.473694,0.466888,0.459186,0.450466,0.440792,0.429803,0.416548,0.4021
0.457689,0.467686,0.476799,0.484358,0.490794,0.496166,0.500478,0.503769,0.506224,0.507775,0.508647,0.508889,0.508607,0.50765,0.506172,0.504084,0.501578,0.498391,0.494545,0.490218,0.485345,0.479848,0.473733,0.466877,0.459222,0.450611,0.440879,0.429769,0.416747,0.402375
0.457159,0.46723,0.476471,0.484062,0.490465,0.495754,0.500067,0.503338,0.505788,0.507408,0.508301,0.508543,0.508225,0.507332,0.505915,0.503861,0.501312,0.498165,0.494484,0.490147,0.48526,0.479726,0.473594,0.466848,0.459267,0.450608,0.440912,0.429988,0.417012,0.40255
0.456536,0.466675,0.475976,0.483676,0.490086,0.495452,0.499691,0.502987,0.505471,0.507084,0.508021,0.508282,0.507965,0.507133,0.505742,0.503667,0.501102,0.497928,0.49424,0.490026,0.48514,0.479646,0.473551,0.466782,0.459212,0.450679,0.44103,0.43012,0.417192,0.402627
0.455772,0.465948,0.475358,0.483145,0.489571,0.494917,0.499278,0.502556,0.505019,0.506636,0.507558,0.507843,0.507611,0.506797,0.50542,0.503362,0.500764,0.49764,0.493956,0.489791,0.484959,0.479493,0.473403,0.466759,0.459293,0.450744,0.441162,0.430225,0.417226,0.40264
0.455033,0.465393,0.474726,0.48251,0.488949,0.494262,0.498692,0.502022,0.504471,0.506132,0.507057,0.507401,0.507215,0.506408,0.505016,0.503001,0.500514,0.497371,0.493733,0.48957,0.484742,0.47939,0.473306,0.466665,0.459204,0.450775,0.441239,0.430251,0.417227,0.402688
0.45413,0.464743,0.474184,0.481879,0.488397,0.493806,0.498172,0.501521,0.503894,0.505605,0.506576,0.507006,0.506789,0.506072,0.50461,0.502643,0.500145,0.497116,0.49348,0.489276,0.484445,0.479119,0.47318,0.466532,0.459121,0.450714,0.441171,0.430242,0.417224,0.402665
0.45322,0.463924,0.473398,0.481195,0.487749,0.493175,0.497645,0.500953,0.50334,0.505037,0.506057,0.506464,0.506279,0.505522,0.504214,0.502251,0.499722,0.496782,0.493126,0.488921,0.48422,0.478963,0.473061,0.46641,0.459002,0.45069,0.441109,0.430242,0.417152,0.402706
0.452271,0.463149,0.47262,0.48044,0.487042,0.492573,0.49701,0.500257,0.502759,0.504484,0.505509,0.505931,0.505757,0.504982,0.503692,0.501762,0.499324,0.496376,0.492803,0.488689,0.483946,0.478765,0.472866,0.466217,0.458771,0.450579,0.441161,0.430281,0.417171,0.402557
0.451257,0.462222,0.471795,0.479741,0.486308,0.491842,0.496226,0.499567,0.502132,0.503912,0.504879,0.505335,0.505229,0.504498,0.50318,0.501339,0.498933,0.496004,0.492402,0.488387,0.483615,0.478489,0.47262,0.466102,0.458679,0.450479,0.441097,0.43024,0.417114,0.402311
0.450225,0.461177,0.470888,0.478944,0.485544,0.491207,0.495593,0.498973,0.501558,0.503339,0.504374,0.504776,0.504663,0.504029,0.502637,0.500821,0.498402,0.495551,0.491993,0.488047,0.48336,0.478198,0.472447,0.465898,0.458583,0.450373,0.440992,0.430059,0.416913,0.402147
0.449108,0.460259,0.469995,0.478008,0.484714,0.490406,0.494761,0.498226,0.500807,0.502605,0.503683,0.504143,0.504046,0.503422,0.502137,0.500297,0.49787,0.495029,0.491613,0.487678,0.483132,0.47796,0.472216,0.465642,0.458431,0.45018,0.440888,0.429917,0.416765,0.401981
0.44804,0.459237,0.469083,0.477071,0.483931,0.489508,0.493959,0.497423,0.500068,0.501838,0.502929,0.503533,0.503542,0.502862,0.501569,0.499779,0.497376,0.49456,0.491137,0.487206,0.482676,0.477677,0.471861,0.465355,0.458202,0.449991,0.440703,0.429712,0.416576,0.401799
0.446811,0.458165,0.468073,0.476209,0.482969,0.488612,0.49308,0.496607,0.49923,0.500988,0.502185,0.502797,0.502833,0.502174,0.500898,0.49915,0.496844,0.494016,0.490623,0.486641,0.482198,0.477241,0.471503,0.465129,0.457957,0.449816,0.440525,0.429568,0.416489,0.401594
0.445583,0.457013,0.466969,0.475176,0.481993,0.487622,0.492161,0.4957,0.498365,0.500213,0.501445,0.502079,0.502043,0.501428,0.500215,0.498502,0.496251,0.493466,0.490099,0.486258,0.481832,0.476911,0.471225,0.464886,0.457751,0.449604,0.440401,0.42945,0.416199,0.401369
0.44434,0.45588,0.465923,0.474188,0.48106,0.48673,0.491304,0.494907,0.497615,0.499512,0.50076,0.501351,0.501397,0.500808,0.49961,0.497906,0.495789,0.493013,0.489688,0.485826,0.481442,0.476538,0.470895,0.464526,0.45739,0.449411,0.44015,0.429206,0.416024,0.401129
0.442966,0.454597,0.464722,0.473192,0.480093,0.485828,0.490409,0.494064,0.496778,0.498679,0.499949,0.500589,0.500688,0.500114,0.498983,0.497221,0.495125,0.49238,0.489144,0.485368,0.481016,0.476094,0.470502,0.464148,0.457084,0.44908,0.439912,0.429021,0.415825,0.400804
0.44158,0.453353,0.463579,0.471997,0.478953,0.484729,0.489432,0.493116,0.495782,0.497719,0.499068,0.499834,0.499882,0.499319,0.49822,0.496574,0.494433,0.491788,0.488623,0.484822,0.480539,0.475619,0.470083,0.463761,0.456754,0.448815,0.439618,0.428731,0.415458,0.400418
0.440097,0.451996,0.462352,0.470894,0.477934,0.483757,0.488491,0.492148,0.494886,0.496854,0.498276,0.499044,0.499103,0.498637,0.497583,0.495949,0.493829,0.491263,0.48812,0.484351,0.480108,0.475217,0.469705,0.46344,0.45648,0.448517,0.439429,0.428425,0.415176,0.400008
0.438627,0.450766,0.461245,0.469757,0.476903,0.482787,0.487534,0.491184,0.493922,0.496042,0.497487,0.498256,0.498367,0.497917,0.496889,0.495254,0.493269,0.490686,0.487575,0.483855,0.479576,0.474755,0.469229,0.463069,0.456171,0.448211,0.439053,0.428076,0.414845,0.399607
0.437098,0.449425,0.459951,0.468512,0.475756,0.481694,0.486523,0.490231,0.493015,0.495123,0.496572,0.497314,0.497478,0.497068,0.496129,0.494581,0.492634,0.490144,0.48693,0.48324,0.479051,0.474232,0.468726,0.462648,0.455763,0.447867,0.438686,0.427673,0.414442,0.399204
0.435472,0.447945,0.458516,0.467302,0.474587,0.480608,0.485399,0.48917,0.492041,0.494231,0.49575,0.496531,0.496692,0.496299,0.495365,0.493916,0.491941,0.489531,0.486356,0.482738,0.478607,0.473836,0.468336,0.462317,0.455396,0.447591,0.438402,0.427396,0.41413,0.398752
0.434056,0.446575,0.457227,0.466092,0.473404,0.479527,0.484422,0.488234,0.491207,0.493406,0.495012,0.495793,0.495974,0.495569,0.494675,0.493264,0.491318,0.488887,0.485727,0.482178,0.478115,0.473335,0.467962,0.46184,0.454992,0.447202,0.438047,0.427013,0.413648,0.398147
0.432486,0.445122,0.455983,0.464928,0.472327,0.478461,0.483367,0.487221,0.490187,0.492404,0.494042,0.494882,0.495137,0.494795,0.493896,0.492536,0.490581,0.488142,0.4851,0.481533,0.47742,0.47276,0.467422,0.461337,0.45457,0.446759,0.437536,0.426565,0.413068,0.397572
0.430766,0.443649,0.454543,0.463573,0.471077,0.477299,0.482247,0.486099,0.489157,0.491413,0.493023,0.493929,0.494213,0.493959,0.493102,0.49178,0.489824,0.487415,0.48448,0.480888,0.476919,0.472279,0.466934,0.460877,0.454163,0.44636,0.437159,0.426237,0.412625,0.397036
0.429009,0.441995,0.453154,0.462249,0.469832,0.476141,0.481167,0.485094,0.488155,0.490505,0.492142,0.493062,0.493425,0.493185,0.49239,0.491083,0.489204,0.486824,0.48391,0.480381,0.476319,0.471781,0.466474,0.460462,0.453747,0.446029,0.436824,0.425907,0.41219,0.396567
0.427327,0.440579,0.451862,0.461033,0.468756,0.475061,0.480127,0.484101,0.487176,0.489607,0.491202,0.492242,0.492532,0.492345,0.491598,0.49033,0.488567,0.486174,0.483263,0.479798,0.475739,0.471178,0.465931,0.459972,0.453322,0.445562,0.436407,0.425399,0.411613,0.39607
0.425723,0.439107,0.450512,0.459758,0.467516,0.473868,0.478991,0.483001,0.486101,0.488529,0.490211,0.491234,0.491639,0.491486,0.490754,0.489516,0.487777,0.485424,0.482573,0.479158,0.475102,0.470568,0.465323,0.45951,0.452842,0.445028,0.435947,0.425012,0.410983,0.395516
0.424093,0.437566,0.449044,0.458418,0.466237,0.472636,0.477764,0.481809,0.485008,0.487548,0.489248,0.490269,0.490807,0.490669,0.489983,0.488769,0.487118,0.484772,0.481924,0.478561,0.47448,0.469998,0.464795,0.459038,0.452344,0.444607,0.435449,0.424519,0.410482,0.394936
0.422355,0.435992,0.44762,0.45721,0.465048,0.471517,0.476701,0.480804,0.484085,0.486616,0.488386,0.489479,0.490062,0.489987,0.489353,0.488161,0.486484,0.484191,0.481346,0.477981,0.474057,0.469509,0.464376,0.458637,0.45192,0.444154,0.435053,0.424075,0.409898,0.39435
0.420593,0.434553,0.446307,0.45596,0.463967,0.470459,0.475674,0.479818,0.483083,0.485633,0.487413,0.488532,0.489152,0.489091,0.488503,0.487389,0.485713,0.483457,0.480662,0.47735,0.473439,0.46901,0.463933,0.458271,0.451505,0.443733,0.434654,0.42365,0.409376,0.39381
0.419117,0.433191,0.445007,0.454673,0.462688,0.469247,0.474522,0.478646,0.481858,0.484524,0.486304,0.487501,0.488135,0.488111,0.487601,0.48646,0.484829,0.482621,0.479894,0.476595,0.472703,0.468343,0.463318,0.457632,0.450928,0.443204,0.434175,0.423095,0.408961,0.393309
0.417398,0.43162,0.443528,0.453207,0.461343,0.467962,0.473216,0.47743,0.480811,0.483456,0.48535,0.486619,0.487281,0.487313,0.486775,0.485673,0.48411,0.481828,0.479134,0.475892,0.472037,0.467713,0.462608,0.456933,0.450331,0.442634,0.433573,0.422511,0.408381,0.392747
0.415776,0.429989,0.442057,0.451908,0.460181,0.466853,0.472211,0.476555,0.479985,0.48263,0.484608,0.485926,0.486574,0.486585,0.486042,0.485082,0.483519,0.481305,0.478647,0.475396,0.471521,0.467252,0.462195,0.456446,0.449874,0.442086,0.432942,0.421912,0.407694,0.392008
0.414116,0.428524,0.440763,0.450789,0.459129,0.465797,0.471179,0.475519,0.479012,0.481723,0.483679,0.484977,0.485618,0.485763,0.485241,0.484283,0.482724,0.480568,0.477953,0.474815,0.470983,0.466722,0.461705,0.456066,0.449423,0.441669,0.432529,0.421357,0.407106,0.391406
0.412664,0.427154,0.439397,0.449519,0.457762,0.464512,0.46999,0.474381,0.47789,0.480642,0.482653,0.483972,0.484654,0.48482,0.484439,0.483394,0.481817,0.479759,0.477106,0.474013,0.470209,0.46593,0.460999,0.455392,0.448814,0.441172,0.432054,0.420905,0.406562,0.390672
0.411127,0.42564,0.437979,0.448186,0.456473,0.463328,0.468947,0.473359,0.476936,0.479795,0.481771,0.483187,0.483945,0.484139,0.483747,0.482771,0.481257,0.479239,0.476576,0.473352,0.469568,0.465354,0.4603,0.454676,0.448131,0.440512,0.431378,0.420205,0.40591,0.390093
0.40948,0.424154,0.436667,0.446918,0.4555,0.462401,0.467951,0.472478,0.476096,0.47901,0.481085,0.482437,0.483223,0.483426,0.483094,0.482107,0.480643,0.478546,0.475974,0.472901,0.469196,0.465029,0.459978,0.454274,0.447689,0.439934,0.430762,0.419478,0.405294,0.389485
0.408015,0.422792,0.435472,0.445838,0.454486,0.46139,0.466958,0.47153,0.475126,0.477974,0.480084,0.48147,0.48231,0.482557,0.482157,0.481275,0.479774,0.477757,0.475182,0.472197,0.468583,0.46439,0.45952,0.453912,0.447337,0.439637,0.430331,0.418992,0.404576,0.388811
0.40652,0.421387,0.434157,0.444694,0.453301,0.46025,0.465851,0.470443,0.474125,0.476956,0.479154,0.480572,0.48148,0.481724,0.481305,0.480473,0.478979,0.476902,0.474375,0.471425,0.467744,0.463518,0.458714,0.453206,0.446653,0.439044,0.429816,0.418543,0.403984,0.388157
0.405055,0.419992,0.432922,0.443436,0.452155,0.459127,0.464835,0.469458,0.473287,0.476191,0.478404,0.479922,0.480715,0.480969,0.480713,0.479832,0.478398,0.476362,0.473848,0.470828,0.467189,0.462912,0.458001,0.452392,0.445857,0.438326,0.429225,0.417872,0.403555,0.387715
0.403501,0.418633,0.431645,0.442258,0.450996,0.458161,0.463981,0.468667,0.472465,0.475372,0.477548,0.479069,0.479874,0.480241,0.479953,0.479104,0.477786,0.475806,0.473304,0.470287,0.466628,0.462463,0.457594,0.451883,0.445433,0.437699,0.428623,0.417241,0.402918,0.38726
0.402133,0.417328,0.430329,0.441189,0.450075,0.457189,0.463078,0.467775,0.471579,0.474536,0.4767,0.478206,0.479058,0.479417,0.479207,0.478339,0.476954,0.475033,0.472542,0.469559,0.465986,0.461784,0.457012,0.451455,0.444969,0.437298,0.428049,0.416629,0.402248,0.386834
0.400735,0.415982,0.429253,0.440177,0.449036,0.456246,0.462177,0.466865,0.470715,0.473715,0.475894,0.477427,0.478363,0.478628,0.478437,0.477609,0.476193,0.474297,0.471896,0.468822,0.46526,0.461106,0.456351,0.450848,0.444437,0.436754,0.427542,0.416049,0.40163,0.386078
0.399343,0.414815,0.428206,0.439086,0.448077,0.455363,0.461238,0.465996,0.46989,0.472918,0.475153,0.476718,0.477657,0.478034,0.477771,0.476972,0.475593,0.473668,0.471231,0.468221,0.464638,0.460444,0.455622,0.450115,0.443706,0.43618,0.426935,0.415496,0.401111,0.385509
0.398049,0.413671,0.427127,0.438087,0.447117,0.454494,0.460372,0.465222,0.4691,0.472122,0.474389,0.475955,0.476909,0.477367,0.477089,0.476247,0.474973,0.472989,0.470563,0.467615,0.464091,0.459863,0.454988,0.449495,0.44306,0.43539,0.426215,0.414918,0.400656,0.385088
0.396787,0.412422,0.426028,0.437123,0.446229,0.453708,0.459568,0.464444,0.468313,0.471339,0.473598,0.475232,0.476144,0.476568,0.476364,0.475533,0.474207,0.472297,0.469896,0.466903,0.463401,0.459227,0.45443,0.448985,0.442498,0.434824,0.425531,0.414234,0.400165,0.384599
0.395498,0.411329,0.424906,0.436254,0.445418,0.45287,0.458823,0.463701,0.467522,0.470569,0.472823,0.474509,0.475453,0.475822,0.475636,0.474801,0.473403,0.471594,0.469122,0.466164,0.462697,0.458552,0.453788,0.448373,0.442002,0.434336,0.425045,0.413762,0.399646,0.384065
0.394338,0.410168,0.424017,0.435501,0.44468,0.452024,0.458002,0.462881,0.46681,0.469882,0.472132,0.473765,0.474788,0.475232,0.474984,0.474209,0.472825,0.470987,0.468511,0.465545,0.462032,0.457883,0.453104,0.447634,0.441357,0.433714,0.424589,0.413333,0.399259,0.383631
0.39324,0.409242,0.423158,0.434621,0.443769,0.451214,0.457213,0.462169,0.466128,0.46929,0.471522,0.473181,0.474181,0.474642,0.474404,0.473611,0.472267,0.470453,0.468015,0.465049,0.461492,0.457296,0.452564,0.446906,0.440521,0.433008,0.423963,0.412769,0.398754,0.383175
0.392292,0.408341,0.422175,0.433704,0.442963,0.450532,0.456616,0.461569,0.465578,0.468648,0.470981,0.472535,0.47349,0.473912,0.473652,0.472884,0.471558,0.469672,0.467371,0.46441,0.460912,0.456763,0.452023,0.446457,0.439991,0.432338,0.423311,0.412226,0.398281,0.382699
0.391426,0.407556,0.421305,0.432955,0.442396,0.449955,0.456086,0.460934,0.464899,0.46799,0.47037,0.471966,0.472904,0.473237,0.472946,0.472187,0.470776,0.468932,0.4666,0.463603,0.460111,0.45602,0.451292,0.44586,0.439551,0.431937,0.42267,0.411641,0.397827,0.382345
0.390642,0.406539,0.420485,0.432391,0.441845,0.449415,0.45546,0.460337,0.464295,0.467442,0.469818,0.471458,0.472398,0.472762,0.472441,0.471653,0.470228,0.468349,0.465923,0.462897,0.459368,0.455232,0.450486,0.445088,0.438834,0.431364,0.422345,0.411269,0.397314,0.38194
0.389884,0.405808,0.419987,0.4318,0.441193,0.448784,0.454937,0.459892,0.463851,0.467008,0.469315,0.47095,0.471848,0.472228,0.471929,0.471103,0.469761,0.4679,0.465432,0.462408,0.458828,0.454567,0.449774,0.444441,0.43808,0.430709,0.421752,0.410744,0.396939,0.381641
0.389152,0.405269,0.419472,0.431282,0.440648,0.448331,0.454502,0.459427,0.463393,0.466534,0.468801,0.470356,0.471282,0.47157,0.471291,0.470474,0.469147,0.467226,0.464809,0.461797,0.458247,0.454065,0.449311,0.4439,0.437494,0.430082,0.421072,0.410292,0.39656,0.381279
0.388603,0.404848,0.41889,0.430705,0.440318,0.447943,0.454086,0.458957,0.462943,0.466016,0.468295,0.469781,0.470699,0.470974,0.470678,0.469823,0.468459,0.466488,0.464034,0.461045,0.457505,0.45344,0.448773,0.443309,0.437011,0.429606,0.420614,0.40977,0.396247,0.38099
0.388048,0.404336,0.418432,0.430317,0.439948,0.447592,0.453667,0.458553,0.462523,0.465556,0.467946,0.469435,0.470289,0.470525,0.470191,0.469269,0.467847,0.465912,0.463352,0.460318,0.456781,0.452727,0.448058,0.442719,0.436399,0.429004,0.420068,0.409323,0.395885,0.380847
0.38779,0.403981,0.418046,0.430045,0.439606,0.447241,0.453294,0.458221,0.46222,0.465211,0.467534,0.469019,0.469843,0.470116,0.469758,0.468847,0.467339,0.465372,0.462808,0.459766,0.456175,0.452004,0.447288,0.441941,0.435769,0.428461,0.41957,0.408775,0.395613,0.380647
0.387577,0.403638,0.417888,0.429793,0.439354,0.446903,0.453104,0.458022,0.46193,0.464942,0.467153,0.468675,0.469423,0.469617,0.469217,0.468325,0.466798,0.464797,0.462285,0.459277,0.455642,0.451502,0.446728,0.441265,0.435082,0.427847,0.419093,0.40842,0.395301,0.380563
0.387487,0.403572,0.417789,0.429611,0.439196,0.446833,0.453044,0.457864,0.461754,0.464685,0.466797,0.468202,0.469,0.469168,0.468672,0.467748,0.466282,0.464245,0.461688,0.458592,0.45499,0.450843,0.446144,0.440781,0.434583,0.427361,0.4186,0.408004,0.395038,0.380353
0.387428,0.403565,0.417759,0.429598,0.439248,0.446819,0.452809,0.457687,0.461555,0.46446,0.466546,0.467871,0.468648,0.468729,0.468315,0.467224,0.465757,0.46362,0.461076,0.457989,0.454339,0.450259,0.445533,0.440247,0.434068,0.426852,0.418138,0.407682,0.394656,0.380228
0.387613,0.40363,0.417893,0.42988,0.439394,0.446864,0.4528,0.457657,0.461454,0.464331,0.466359,0.46766,0.468297,0.468338,0.467865,0.466919,0.46529,0.463132,0.460516,0.457316,0.453678,0.449588,0.444909,0.439639,0.433546,0.426297,0.417639,0.407326,0.394374,0.380165
0.387989,0.404052,0.418284,0.430211,0.439539,0.447015,0.452925,0.457786,0.461493,0.464268,0.466321,0.467538,0.468184,0.468129,0.467686,0.466474,0.464885,0.462783,0.460068,0.456892,0.453162,0.449023,0.444331,0.439081,0.432976,0.425851,0.417295,0.406954,0.394245,0.380238
0.388658,0.404665,0.418869,0.430645,0.439829,0.447209,0.453295,0.458016,0.461669,0.464448,0.466409,0.467531,0.468074,0.468008,0.467372,0.466168,0.464484,0.462281,0.459645,0.45646,0.452809,0.448484,0.443747,0.438465,0.43238,0.425339,0.416893,0.406656,0.394126,0.380381
0.3895,0.405528,0.419709,0.431228,0.440415,0.447846,0.453761,0.45845,0.461917,0.46457,0.466257,0.467322,0.467877,0.467693,0.467015,0.465731,0.464017,0.461855,0.459214,0.456016,0.452347,0.448188,0.443354,0.437977,0.43195,0.424899,0.416662,0.406439,0.394125,0.380537
0.390619,0.406758,0.420771,0.432207,0.441325,0.448753,0.454445,0.458861,0.462235,0.464652,0.466304,0.467378,0.467801,0.467557,0.466806,0.465495,0.463694,0.461399,0.458651,0.455521,0.4518,0.447721,0.442962,0.437579,0.431502,0.424548,0.416256,0.406166,0.394073,0.380688
0.392206,0.408227,0.422269,0.433596,0.442706,0.449757,0.45515,0.459407,0.462523,0.46487,0.466534,0.46749,0.467932,0.467677,0.466841,0.465427,0.463513,0.461088,0.458311,0.45512,0.45136,0.447264,0.442548,0.437219,0.43115,0.424215,0.415958,0.406027,0.394028,0.38094
0.394456,0.410242,0.423955,0.435254,0.444019,0.450733,0.455944,0.460042,0.463159,0.465259,0.467009,0.468001,0.468221,0.467829,0.466867,0.4654,0.463375,0.46101,0.458059,0.454867,0.451107,0.446895,0.44219,0.436882,0.430846,0.423927,0.415724,0.405967,0.394127,0.381304
0.39644,0.412366,0.426118,0.4372,0.445581,0.451961,0.456992,0.460903,0.463859,0.466,0.467508,0.468273,0.468321,0.467807,0.466782,0.465288,0.463157,0.460785,0.457841,0.454502,0.450739,0.446517,0.441881,0.436587,0.430551,0.42366,0.415473,0.405932,0.394355,0.381682
0.399426,0.415214,0.429022,0.439317,0.447256,0.453364,0.458087,0.461679,0.46446,0.46657,0.46786,0.468532,0.468493,0.467866,0.466771,0.46519,0.462993,0.46053,0.457492,0.454155,0.450405,0.446195,0.441471,0.436261,0.430333,0.4235,0.415446,0.405885,0.394448,0.382122
0.403126,0.418574,0.432037,0.44181,0.449243,0.454927,0.459321,0.462563,0.465203,0.467029,0.468261,0.468809,0.468745,0.468068,0.466957,0.465236,0.462994,0.460463,0.45743,0.453895,0.450054,0.445844,0.441138,0.436043,0.430063,0.423329,0.415337,0.405889,0.394766,0.382807
0.407586,0.422505,0.435227,0.444488,0.451448,0.456903,0.461012,0.463953,0.465975,0.467687,0.468786,0.469132,0.469003,0.468488,0.4672,0.465388,0.46306,0.460444,0.45735,0.453761,0.449853,0.445615,0.441009,0.435904,0.43,0.423308,0.415387,0.40606,0.395203,0.383507
0.413106,0.426778,0.438156,0.446526,0.452924,0.457924,0.461737,0.464986,0.46753,0.46865,0.469445,0.469747,0.469441,0.468644,0.467522,0.465736,0.463323,0.460559,0.457369,0.453723,0.449665,0.445445,0.440812,0.435747,0.429922,0.423271,0.415609,0.406585,0.39576,0.384343
0.417861,0.430566,0.441044,0.448934,0.455101,0.459687,0.463334,0.46644,0.468958,0.470086,0.470433,0.470372,0.469894,0.468981,0.467787,0.466028,0.463632,0.460756,0.457461,0.453718,0.449617,0.445331,0.440715,0.435576,0.4297,0.423152,0.415579,0.406797,0.396303,0.38518
0.423268,0.434911,0.444507,0.451584,0.457378,0.461473,0.464855,0.467768,0.470134,0.471186,0.471496,0.47123,0.470514,0.469432,0.468125,0.466296,0.463834,0.460949,0.457577,0.453799,0.449721,0.445451,0.440704,0.435427,0.429661,0.42308,0.415538,0.407145,0.396998,0.386066
0.428699,0.439358,0.448054,0.454631,0.45965,0.463714,0.466791,0.469489,0.471447,0.472303,0.472616,0.472376,0.471431,0.470158,0.468673,0.466759,0.464291,0.4613,0.457797,0.453949,0.449855,0.445426,0.440667,0.435371,0.429637,0.423152,0.415683,0.407161,0.39745,0.386963
0.5,2.55684,4.61368,6.67051,8.72735,10.7842,12.841,14.8979,16.9547,19.0115,21.0684,23.1252,25.1821,27.2389,29.2957,31.3526,33.4094,35.4662,37.5231,39.5799,41.6368,43.6936,45.7504,47.8073,49.8641,51.921,53.9778,56.0346,58.0915,60.1483
